time,size,AtoB,AtoC,AtoD
0.0,818,3.9988905289e-2,3.9994011353e-2,6.7215688711e-2
0.10225,1154,4.9003923545e-2,4.9014201276e-2,8.8323123689e-2
0.2465,770,6.6513040049e-2,6.6517168769e-2,0.126331553501
0.34275,818,5.6480430165e-2,5.6484686454e-2,8.2139086454e-2
0.445,914,4.7772346467e-2,4.7779479857e-2,0.105486008779
0.55925,866,6.5619836812e-2,6.5625831878e-2,9.1318631878e-2
0.6675,1154,3.4995921189e-2,3.5002401453e-2,8.4304688901e-2
0.81175,578,1.6155999422e-2,1.6157158076e-2,6.650739182e-2
0.884,1010,1.701999899e-2,1.7029485822e-2,4.2837485822e-2
1.01025,914,1.8969328778e-2,1.8977594947e-2,5.7011322151e-2
1.1245,1346,6.3959284597e-2,6.3968153259e-2,0.134687360706
1.29275,290,3.0099986406e-2,3.0102202124e-2,8.1202305032e-2
1.329,722,3.3218517693e-2,3.3226937939e-2,6.8453042605e-2
1.41925,482,2.8865386695e-2,2.8867266475e-2,5.4252866475e-2
1.4795,1202,1.9155558817e-2,1.9163782414e-2,5.3005719019e-2
1.62975,1490,2.3934759102e-2,2.393926435e-2,9.0206566474e-2
1.816,1394,3.0687508237e-2,3.0691756443e-2,8.604762985e-2
1.99025,1346,2.2428705268e-2,2.2432424478e-2,4.9555095305e-2
2.1585,674,,,
2.24275,146,4.8842567778e-2,4.8852260054e-2,0.10900527375
2.261,482,4.6396987476e-2,4.6402372025e-2,0.109583724311
2.32125,578,1.6155999422e-2,1.6159865455e-2,5.0562443424e-2
2.3935,1346,1.7691998654e-2,1.7701582531e-2,6.4583069002e-2
2.56175,1298,1.7595998702e-2,1.7598310088e-2,5.473876063e-2
2.724,1202,3.2878797887e-2,3.2888028424e-2,7.8531881203e-2
2.87425,866,2.8369373892e-2,2.8371697969e-2,6.1207119527e-2
2.9825,50,4.0528635949e-2,4.0538532354e-2,8.6313928426e-2
2.98875,530,1.605999947e-2,1.6067855166e-2,8.662328147e-2
3.055,146,3.6013508044e-2,3.6015104629e-2,7.8673832845e-2
3.07325,146,1.5291999854e-2,1.5301466734e-2,8.7294246485e-2
3.0915,578,3.4855934128e-2,3.4865568958e-2,6.0327968958e-2
3.16375,434,5.4239439589e-2,5.4242948375e-2,0.112708217546
3.218,1346,3.7496303119e-2,3.7505846541e-2,8.3378837324e-2
3.38625,146,5.5858366019e-2,5.5864225958e-2,9.7470233702e-2
3.4045,914,5.2473789484e-2,5.2474872619e-2,0.120255525281
3.51875,1442,5.7687510952e-2,5.7690302587e-2,9.8094285368e-2
3.699,434,5.1039627564e-2,5.1050594573e-2,0.110006544081
3.75325,578,4.4592233642e-2,4.4601755624e-2,8.0278314889e-2
3.8255,818,6.3247282156e-2,6.3253053823e-2,0.126743271607
3.92775,1442,4.0012161463e-2,4.001981611e-2,8.3021909477e-2
4.108,1106,3.8046251132e-2,3.8055414659e-2,8.3990103299e-2
4.24625,1202,6.2234440272e-2,6.2239210716e-2,0.125363796368
4.3965,1154,3.1988334144e-2,3.1992550019e-2,9.6143837146e-2
4.54075,1058,5.1380708742e-2,5.1391157567e-2,7.7237557567e-2
4.673,338,5.7330962708e-2,5.7332259958e-2,0.102270238819
4.71525,722,1.9141124355e-2,1.9143602427e-2,6.4054920771e-2
4.8055,194,4.8867977205e-2,4.8876741461e-2,0.107721079009
4.82975,98,4.0656565364e-2,4.0664509027e-2,0.108576159042
4.842,1106,1.7211998894e-2,1.7219098833e-2,6.0024489606e-2
4.98025,818,3.9791628816e-2,3.9798481235e-2,6.6573293607e-2
5.0825,914,1.8738467998e-2,1.8741746597e-2,4.4472946597e-2
5.19675,1346,5.1419491791e-2,5.1429355685e-2,0.116160401121
5.365,674,2.2517115916e-2,2.2524991435e-2,8.7894768063e-2
5.44925,98,1.748467833e-2,1.7495168957e-2,6.3934422643e-2
5.4615,578,5.7907983928e-2,5.7910563391e-2,9.4327745757e-2
5.53375,338,2.6386901242e-2,2.6394106108e-2,8.5029524773e-2
5.576,1298,1.7595998702e-2,1.7597945124e-2,4.3636345124e-2
5.73825,194,3.2403320986e-2,3.2412489922e-2,9.5125172641e-2
5.7625,1298,6.3146106657e-2,6.3153983607e-2,8.9192383607e-2
5.92475,1346,3.0041023069e-2,3.0043519724e-2,5.6120319724e-2
6.093,386,5.6415434585e-2,5.6422503975e-2,0.128168966069
6.14125,242,4.1326085238e-2,4.1332951644e-2,6.805294918e-2
6.1715,482,6.5020097383e-2,6.5021472629e-2,9.1710226905e-2
6.23175,1442,1.7883998558e-2,1.7885225996e-2,4.4038825996e-2
6.412,626,5.0112310286e-2,5.011989664e-2,9.4881041666e-2
6.49025,146,1.5291999854e-2,1.5298297476e-2,7.1112568006e-2
6.5085,674,2.9193954183e-2,2.9200841569e-2,6.5813151262e-2
6.59275,626,3.5030738871e-2,3.503844482e-2,7.7509679977e-2
6.671,1490,3.4760447587e-2,3.4764303777e-2,0.109782592208
6.85725,1394,4.1649367724e-2,4.1658721448e-2,0.101743513751
7.0315,1346,6.1557146632e-2,6.1566631436e-2,9.8908116046e-2
7.19975,1154,4.497188353e-2,4.4975248909e-2,9.498407864e-2
7.344,1250,4.9578853489e-2,4.9583246477e-2,8.1747860122e-2
7.50025,914,1.6827999086e-2,1.683466184e-2,4.256586184e-2
7.6145,50,4.0220437095e-2,4.0225083213e-2,0.10382739966
7.62075,194,4.0544318947e-2,4.0545422134e-2,7.1538247492e-2
7.645,434,5.5796786022e-2,5.5802986758e-2,9.3977824363e-2
7.69925,626,6.3750795509e-2,6.3758451349e-2,0.125230065875
7.7775,1394,1.7787998606e-2,1.7791297335e-2,5.6260326443e-2
7.95175,146,3.5718809641e-2,3.5727589073e-2,6.3887763585e-2
7.97,482,1.5963999518e-2,1.5974938795e-2,7.6075230135e-2
8.03025,290,5.5589315766e-2,5.5592666571e-2,0.112260852854
8.0665,962,4.2896989357e-2,4.2906010108e-2,0.113768211437
8.18675,914,6.3724967122e-2,6.373529866e-2,9.1878457188e-2
8.301,914,1.6827999086e-2,1.6834652451e-2,4.2565852451e-2
8.41525,1442,2.6191834576e-2,2.6195897057e-2,9.7406838513e-2
8.5955,434,4.9957039577e-2,4.996084849e-2,0.107455288383
8.64975,962,4.3581947308e-2,4.3591509963e-2,0.117038712581
8.77,1250,6.5956328602e-2,6.5961976421e-2,0.119372835663
8.92625,674,5.3538991711e-2,5.3545991098e-2,0.10929600833
9.0105,770,3.8134318722e-2,3.8144110532e-2,9.0461871941e-2
9.10675,434,3.9216310528e-2,3.9226825604e-2,6.4574025604e-2
9.161,914,1.6827999086e-2,1.6834718157e-2,6.0647532904e-2
9.27525,770,1.653999923e-2,1.6544219435e-2,8.6593526337e-2
9.3715,1106,3.2936765893e-2,3.2945677425e-2,8.2816047721e-2
9.50975,770,2.7356173789e-2,2.7365794552e-2,7.719558917e-2
9.606,1490,4.0982814874e-2,4.0988647478e-2,6.7180647478e-2
9.79225,722,5.4702074992e-2,5.470388228e-2,0.107244377226
9.8825,242,1.9682407977e-2,1.9687401776e-2,7.4758927067e-2
9.91275,674,5.8300288966e-2,5.8306357507e-2,0.110312631215
9.997,530,3.6548449773e-2,3.6553785162e-2,8.4468850947e-2
10.06325,818,2.576202082e-2,2.5769077517e-2,6.0414817035e-2
10.1655,1298,3.5870255661e-2,3.5878336607e-2,0.111771689448
10.32775,866,2.6652506803e-2,2.6659434184e-2,9.7908392011e-2
10.436,1154,2.416506968e-2,2.4172747969e-2,5.6622468811e-2
10.58025,914,3.4591453553e-2,3.4601322047e-2,0.10850552122
10.6945,1490,2.3388858346e-2,2.3395975166e-2,5.8425465501e-2
10.88075,722,1.6443999278e-2,1.6447590384e-2,7.337370196e-2
10.971,578,2.1940304753e-2,2.194369435e-2,5.2601892479e-2
11.04325,98,5.7928432386e-2,5.7935164701e-2,8.3013564701e-2
11.0555,962,2.0399665084e-2,2.0404270938e-2,6.130852122e-2
11.17575,482,1.712273174e-2,1.7132335196e-2,7.5539634833e-2
11.236,1154,2.9636018789e-2,2.9639918154e-2,6.4229880671e-2
11.38025,770,1.653999923e-2,1.6544555321e-2,4.2160555321e-2
11.4765,1154,3.0890081423e-2,3.0894820406e-2,6.2047637892e-2
11.62075,50,2.1022755642e-2,2.102413925e-2,4.7510714176e-2
11.627,98,2.8210546609e-2,2.8213496161e-2,6.2792182181e-2
11.63925,866,6.5982907329e-2,6.5987160635e-2,0.105181840394
11.7475,98,2.380065215e-2,2.3808237778e-2,9.3326914698e-2
11.75975,626,2.4066774939e-2,2.4074969486e-2,5.7180242679e-2
11.838,1346,4.107285934e-2,4.1079534333e-2,9.4826473779e-2
12.00625,1058,2.5721121387e-2,2.5725105234e-2,5.9394350206e-2
12.1385,50,2.061916892e-2,2.062994688e-2,5.4215078333e-2
12.14475,626,3.0966738771e-2,3.0970667907e-2,
12.223,98,1.6202942959e-2,1.6208133356e-2,4.5787110116e-2
12.23525,1490,6.2461134414e-2,6.2467113863e-2,9.3410832e-2
12.4215,530,2.6410706457e-2,2.6412604874e-2,5.2132318417e-2
12.48775,1010,2.8238934241e-2,2.8240533439e-2,9.5030764936e-2
12.614,194,2.6612386088e-2,2.6623108418e-2,5.6870008655e-2
12.63825,1490,2.5768208332e-2,2.5770958375e-2,6.0209058177e-2
12.8245,338,4.7620524158e-2,4.7630369037e-2,8.4914800447e-2
12.86675,386,2.889152489e-2,2.8893500222e-2,5.4202300222e-2
12.915,386,2.4773403772e-2,2.4779346875e-2,5.5761043511e-2
12.96325,1250,6.0062427611e-2,6.0071373792e-2,0.104473577709
13.1195,338,2.6050571901e-2,2.6053512407e-2,5.6746806761e-2
13.16175,290,2.4381626682e-2,2.4389882341e-2,5.8642255566e-2
13.198,1394,2.2787998606e-2,2.279499838e-2,5.6386524857e-2
13.37225,770,1.653999923e-2,1.6545543605e-2,8.2147606399e-2
13.4685,770,1.653999923e-2,1.6549213725e-2,6.0596651858e-2
13.56475,578,3.1541195034e-2,3.1550326234e-2,5.8150897764e-2
13.637,1202,3.2163988365e-2,3.2165760847e-2,6.6139842859e-2
13.78725,194,3.6835641581e-2,3.684396171e-2,6.199916171e-2
13.8115,1442,3.7190876185e-2,3.7200567326e-2,6.3354167326e-2
13.99175,1202,4.0566414049e-2,4.0574180246e-2,0.113584050948
14.142,1394,2.5940799218e-2,2.5948608281e-2,6.0424221184e-2
14.31625,578,2.7461640916e-2,2.7467160755e-2,6.2602628598e-2
14.3885,1010,3.1935265175e-2,3.1937721908e-2,6.4907551689e-2
14.51475,674,6.5364821455e-2,6.5368899085e-2,0.100010476194
14.599,770,2.668717323e-2,2.6696507904e-2,5.9487093745e-2
14.69525,1298,1.7595998702e-2,1.7601267406e-2,4.4353993334e-2
14.8575,866,5.0060852681e-2,5.0068953161e-2,0.114753513623
14.96575,194,2.6449774018e-2,2.6460088051e-2,5.9744813053e-2
14.99,578,6.0924392461e-2,6.0932973899e-2,8.6395373899e-2
15.06225,866,3.0181015272e-2,3.0182928952e-2,6.4302145572e-2
15.1705,290,2.564644341e-2,2.5656826602e-2,5.896482809e-2
15.20675,146,2.3155617235e-2,2.3164444205e-2,5.4887035107e-2
15.225,1154,2.6664628526e-2,2.6671354274e-2,5.7166092069e-2
15.36925,1442,2.4132456609e-2,2.4135422177e-2,5.4712222177e-2
15.5495,914,2.4095317398e-2,2.4097585584e-2,5.9229513844e-2
15.66375,1250,2.790366411e-2,2.7908215539e-2,5.8974151513e-2
15.82,914,2.1827999086e-2,2.1837875144e-2,5.3931156518e-2
15.93425,914,2.9203490869e-2,2.9208082983e-2,6.122304688e-2
16.0485,1106,2.4615816499e-2,2.4622364251e-2,5.8436572928e-2
16.18675,1250,2.2705020247e-2,2.2713396109e-2,5.616252683e-2
16.343,1202,2.507541099e-2,2.5080153316e-2,5.5560953316e-2
16.49325,1250,2.4831021388e-2,2.4838283285e-2,5.844240727e-2
16.6495,578,2.8922180093e-2,2.8927161784e-2,6.201642173e-2
16.72175,482,2.6200157665e-2,2.6207144774e-2,5.8497151662e-2
16.782,818,2.319578894e-2,2.320101105e-2,5.6536866089e-2
16.88425,1394,3.1030013401e-2,3.1035426023e-2,6.1823018286e-2
17.0585,626,2.8674049369e-2,2.8684901698e-2,5.9708170097e-2
17.13675,1394,3.0179877009e-2,3.0186410065e-2,6.0744010065e-2
17.311,962,3.184662826e-2,3.1855258113e-2,6.6315774362e-2
17.43125,194,2.5321429687e-2,2.5328041156e-2,6.0270593217e-2
17.4555,50,2.5052139636e-2,2.5057588831e-2,5.5173526079e-2
17.46175,1442,2.6701441828e-2,2.6703844407e-2,6.0141522535e-2
17.642,1490,3.2006063978e-2,3.2015272196e-2,6.3132094264e-2
17.82825,482,2.0963999518e-2,2.0966450192e-2,5.1323472906e-2
17.8885,530,2.5854880683e-2,2.5861878215e-2,5.948933868e-2
17.95475,242,2.4249487335e-2,2.4254517204e-2,5.5857828791e-2
17.985,674,2.4351025451e-2,2.4353140935e-2,5.6787228196e-2
18.06925,530,2.4395052804e-2,2.4401216748e-2,5.513692935e-2
18.1355,1346,3.0239767418e-2,3.0241687397e-2,6.2709047486e-2
18.30375,1058,2.2115998942e-2,2.2122850807e-2,5.4704709618e-2
18.436,1250,2.8112122973e-2,2.8116533782e-2,5.9436393284e-2
18.59225,770,2.3846303636e-2,2.3857118018e-2,5.4671209706e-2
18.6885,626,2.4729638892e-2,2.4736040771e-2,5.8816996597e-2
18.76675,866,3.0286305015e-2,3.0297295121e-2,6.5406263166e-2
18.875,866,3.0144820352e-2,3.0151672612e-2,6.352960885e-2
18.98325,1346,2.8323620581e-2,2.8325299865e-2,5.9534234831e-2
19.1515,194,2.0387999806e-2,2.0391634352e-2,5.123356229e-2
19.17575,1106,2.4471137167e-2,2.4480107944e-2,5.8949280398e-2
19.314,98,2.0977171216e-2,2.097939057e-2,5.2150843079e-2
19.32625,338,2.5548510803e-2,2.5549607984e-2,6.0080049367e-2
19.3685,1058,3.1756555702e-2,3.1765625395e-2,6.6754422906e-2
19.50075,1202,2.4481066767e-2,2.448465796e-2,5.9594934887e-2
19.651,530,2.168667019e-2,2.1695925321e-2,5.1907925321e-2
19.71725,1010,2.6149321701e-2,2.6153395538e-2,5.6557395538e-2
19.8435,770,2.501608181e-2,2.5019251856e-2,5.8286110474e-2
19.93975,866,2.7387553722e-2,2.7395337547e-2,5.8239334991e-2
20.048,1394,4.6355795179e-2,4.6361287766e-2,9.9065562869e-2
20.22225,386,3.4885126756e-2,3.4890904664e-2,6.8301236899e-2
20.2705,770,3.8579207791e-2,3.8585275939e-2,9.2149411449e-2
20.36675,770,1.653999923e-2,1.6543646318e-2,6.3267869443e-2
20.463,338,2.9258360592e-2,2.9269182353e-2,0.103580931793
20.50525,1346,2.4493398521e-2,2.4496303605e-2,7.001058991e-2
20.6735,194,1.5387999806e-2,1.5389480445e-2,5.1263949959e-2
20.69775,530,1.605999947e-2,1.6068265106e-2,5.4159640722e-2
20.764,1202,5.8702805465e-2,5.8706031845e-2,9.4491240057e-2
20.91425,1106,6.2153066589e-2,6.2160435575e-2,0.102966266535
21.0525,194,6.4318752828e-2,6.4324776109e-2,0.129011136254
21.07675,1490,4.0664600576e-2,4.0672603292e-2,7.5590904895e-2
21.263,1490,3.6243144791e-2,3.6249528362e-2,6.8624860659e-2
21.44925,770,3.9050978554e-2,3.9054400243e-2,7.0510445642e-2
21.5455,674,4.07142589e-2,4.0723231955e-2,9.4928943133e-2
21.62975,1346,3.5051493816e-2,3.5055978125e-2,8.5867586257e-2
21.798,242,3.5123281314e-2,3.5132361552e-2,7.0561548686e-2
21.82825,1202,4.8707296526e-2,4.8711369381e-2,0.120113523999
21.9785,50,3.1280777872e-2,3.1283611516e-2,6.8323558534e-2
21.98475,578,1.7119419097e-2,1.7121633035e-2,4.3049819497e-2
22.057,722,5.3846267777e-2,5.3849341058e-2,0.127424274167
22.14725,386,3.851882893e-2,3.8521485092e-2,6.514638545e-2
22.1955,1106,5.1697465672e-2,5.1708121024e-2,7.7592921024e-2
22.33375,338,5.2679375251e-2,5.2680937329e-2,7.7951337329e-2
22.376,962,1.6923999038e-2,1.6928821618e-2,6.1897822758e-2
22.49625,50,2.9931477726e-2,2.9940124522e-2,8.4221328783e-2
22.5025,674,4.129720164e-2,4.1299948269e-2,9.4369416103e-2
22.58675,530,6.0111203346e-2,6.0120618484e-2,8.5544618484e-2
22.653,1106,6.0020729049e-2,6.0024683999e-2,0.12834268254
22.79125,578,1.792808125e-2,1.7936821883e-2,4.3399221883e-2
22.8635,1490,4.638815708e-2,4.6395598421e-2,8.7380028635e-2
23.04975,722,6.0239052193e-2,6.0242420235e-2,0.133290343976
23.14,674,4.867785295e-2,4.867991726e-2,0.103278611174
23.22425,1154,3.930025571e-2,3.9305914713e-2,7.6081973137e-2
23.3685,1250,2.4345500001e-2,2.4351101241e-2,5.5869290406e-2
23.52475,290,2.8398139687e-2,2.8404737099e-2,7.0632513543e-2
23.561,482,6.2986029275e-2,6.2992285936e-2,8.8377885936e-2
23.62125,98,3.587408797e-2,3.5884424531e-2,0.10095266477
23.6335,1298,5.5531691518e-2,5.5535630812e-2,8.1574030812e-2
23.79575,482,1.5963999518e-2,1.5966962855e-2,5.7186005885e-2
23.856,1202,6.0774137651e-2,6.0778982146e-2,9.7757702589e-2
24.00625,98,4.7933951627e-2,4.793542678e-2,0.109693709336
24.0185,914,5.6363361359e-2,5.6369240893e-2,0.112936581629
24.13275,530,4.7477242652e-2,4.7484374015e-2,9.3985738698e-2
24.199,962,2.5843732614e-2,2.5847353133e-2,5.1616953133e-2
24.31925,770,1.653999923e-2,1.6548671219e-2,4.9431729114e-2
24.4155,194,4.7561137917e-2,4.7568309194e-2,9.245208037e-2
24.43975,674,6.1185451797e-2,6.1190051893e-2,0.105640384481
24.524,914,5.007416609e-2,5.0084881984e-2,8.3742123244e-2
24.63825,770,3.8725304363e-2,3.8734771727e-2,8.7423595609e-2
24.7345,1298,2.854478242e-2,2.8548420147e-2,7.7053235686e-2
24.89675,1490,5.3562671314e-2,5.3565947779e-2,9.8425822636e-2
25.083,1442,4.0336045652e-2,4.0343817269e-2,0.116366358576
25.26325,1346,4.5645468779e-2,4.5652247111e-2,7.1729047111e-2
25.4315,386,4.1998713867e-2,4.2000329512e-2,8.8332147797e-2
25.47975,482,1.5963999518e-2,1.5971340035e-2,4.1356940035e-2
25.54,1298,4.524206346e-2,4.5252437639e-2,7.4909498254e-2
25.70225,242,3.2413408293e-2,3.242319511e-2,7.5585880013e-2
25.7325,98,3.2560034331e-2,3.2563281306e-2,9.1040793828e-2
25.74475,578,5.5207558244e-2,5.5211246636e-2,8.2228874892e-2
25.817,1106,4.7651101916e-2,4.7661484352e-2,7.3546284352e-2
25.95525,1490,6.0454309355e-2,6.0460030155e-2,0.116339121863
26.1415,386,5.6960653172e-2,5.6962970265e-2,0.107069865491
26.18975,1058,6.3998866755e-2,6.40045526e-2,9.3319540594e-2
26.322,146,5.3242463447e-2,5.3250542758e-2,0.117492617624
26.34025,98,4.9181920152e-2,4.9184611713e-2,0.113310770739
26.3525,194,3.3347320723e-2,3.3349284878e-2,0.100336510972
26.37675,914,2.2890414514e-2,2.2897627146e-2,5.2520289373e-2
26.491,578,3.8747784018e-2,3.8752019637e-2,6.4214419637e-2
26.56325,1058,2.3328620869e-2,2.3332170013e-2,7.1072784687e-2
26.6955,1442,3.4872052475e-2,3.4881209233e-2,7.9489668266e-2
26.87575,530,3.3518984098e-2,3.3526776909e-2,8.8776995171e-2
26.942,962,4.9372827258e-2,4.9382275094e-2,9.2139277086e-2
27.06225,578,2.1208241384e-2,2.1211722699e-2,8.7128819562e-2
27.1345,1202,4.6106039932e-2,4.6109957313e-2,9.325424154e-2
27.28475,674,6.2764915279e-2,6.2772989914e-2,0.137475095577
27.369,1058,4.624231525e-2,4.6249538453e-2,7.2095938453e-2
27.50125,98,1.5195999902e-2,1.5206602597e-2,6.2615307204e-2
27.5135,98,3.3831457283e-2,3.3841583952e-2,9.6420778928e-2
27.52575,1394,5.2372278709e-2,5.2374319551e-2,0.123302962526
27.7,1154,1.7307998846e-2,1.7315762154e-2,4.3238962154e-2
27.84425,626,1.7613771792e-2,1.7619802939e-2,5.1322673309e-2
27.9225,1202,2.0375513857e-2,2.0381843617e-2,8.9295433535e-2
28.07275,626,3.4006589512e-2,3.4012117792e-2,6.4878781234e-2
28.151,50,2.1430266544e-2,2.143956354e-2,4.647956354e-2
28.15725,626,6.141874143e-2,6.1419930768e-2,8.6920730768e-2
28.2355,1394,2.3268493887e-2,2.3273038383e-2,9.4764796239e-2
28.40975,818,1.8313953402e-2,1.8323052242e-2,6.3781190463e-2
28.512,146,5.1816634662e-2,5.1821583975e-2,8.1761079137e-2
28.53025,1058,2.2596437412e-2,2.2603834357e-2,4.8450234357e-2
28.6625,722,4.0418710353e-2,4.0421495838e-2,0.108137076299
28.75275,194,4.8245816472e-2,4.8254214108e-2,8.1421339142e-2
28.777,242,2.7075803971e-2,2.7080171241e-2,6.1857250965e-2
28.80725,242,2.9042134194e-2,2.904787153e-2,8.0790423394e-2
28.8375,242,6.2392061709e-2,6.2398193168e-2,8.7591793168e-2
28.86775,626,6.2136761333e-2,6.2144427456e-2,0.111866960668
28.946,914,3.2253177308e-2,3.2257476895e-2,6.2544185389e-2
29.06025,1298,4.6334977952e-2,4.6338302113e-2,0.121755585206
29.2225,674,3.6279440498e-2,3.6284959668e-2,7.6128904679e-2
29.30675,1490,5.7433598111e-2,5.7440038267e-2,0.132796627761
29.493,482,6.3168240674e-2,6.3175628779e-2,9.2799870134e-2
29.55325,146,1.5291999854e-2,1.5300008945e-2,4.0416808945e-2
29.5715,242,6.2199754773e-2,6.2206120895e-2,0.118963725614
29.60175,386,4.0983063758e-2,4.0992890973e-2,6.7424106038e-2
29.65,386,1.7650133006e-2,1.7660604437e-2,7.1436612584e-2
29.69825,626,6.2750745053e-2,6.2757195049e-2,0.114021787966
29.7765,146,3.3710360355e-2,3.37114955e-2,8.2827399776e-2
29.79475,1058,1.9751179892e-2,1.9760124256e-2,8.9770999309e-2
29.927,1490,6.7473248015e-2,6.747652183e-2,0.112544035055
30.11325,818,1.9281417229e-2,1.9288763415e-2,7.6877599825e-2
30.2155,482,1.7141387994e-2,1.714948743e-2,5.1628333852e-2
30.27575,674,4.9326336584e-2,4.9328066415e-2,0.119720052181
30.36,338,6.1793376198e-2,6.1801365219e-2,0.114927472551
30.40225,626,5.8965887363e-2,5.89687684e-2,0.113704080177
30.4805,482,2.9906598814e-2,2.9911468673e-2,5.7932175117e-2
30.54075,98,,,
30.553,770,2.6529148167e-2,2.6532390083e-2,6.4403546495e-2
30.64925,1346,2.7698629447e-2,2.7701960013e-2,8.7722133722e-2
30.8175,1202,3.5359510606e-2,3.5369286806e-2,0.108083090061
30.96775,1394,4.3233409587e-2,4.3235291742e-2,0.107329636345
31.142,770,4.0273156894e-2,4.0274965509e-2,9.035762352e-2
31.23825,1442,3.2240829646e-2,3.2251427625e-2,6.0169229766e-2
31.4185,770,5.5624146891e-2,5.5633984727e-2,0.1049516581
31.51475,338,1.5688659689e-2,1.5698659681e-2,4.0969059681e-2
31.557,98,1.6469128338e-2,1.6472305178e-2,8.05974472e-2
31.56925,1298,5.9100605306e-2,5.910930934e-2,0.132574890494
31.7315,98,4.3956347417e-2,4.3963085736e-2,0.116292680451
31.74375,50,1.509999995e-2,1.5104873282e-2,6.5305049961e-2
31.75,530,3.2643358338e-2,3.2649537755e-2,7.07039855e-2
31.81625,1490,3.699374422e-2,3.6995907542e-2,9.7984111959e-2
32.0025,722,1.6443999278e-2,1.6448627035e-2,4.2026227035e-2
32.09275,1154,1.7307998846e-2,1.7317327115e-2,5.4780126973e-2
32.237,146,5.7740751482e-2,5.7742929878e-2,8.4663676442e-2
32.25525,578,6.3641377061e-2,6.3645710455e-2,0.123569455978
32.3275,1346,4.2809688397e-2,4.2813908223e-2,7.2963305939e-2
32.49575,818,6.010988737e-2,6.0120458916e-2,8.5774858916e-2
32.598,146,1.5291999854e-2,1.5301588889e-2,4.9186127827e-2
32.61625,1394,3.9176970784e-2,3.9184108307e-2,9.6537853039e-2
32.7905,866,2.1135247563e-2,2.1140512537e-2,5.5451062906e-2
32.89875,1010,6.0037758909e-2,6.0045617896e-2,0.123572074134
33.025,530,3.5207743872e-2,3.5210081993e-2,8.7706291857e-2
33.09125,482,5.6559598036e-2,5.6561780312e-2,8.6232325628e-2
33.1515,866,3.1028992747e-2,3.1030744249e-2,9.5934765288e-2
33.25975,962,3.370040245e-2,3.3704164696e-2,8.8644635476e-2
33.38,1394,5.910082354e-2,5.9102982593e-2,0.120861249803
33.55425,1010,4.7966313324e-2,4.7970316076e-2,9.8458287934e-2
33.6805,1058,3.5561615529e-2,3.5562944417e-2,8.5538919535e-2
33.81275,1154,4.5200156281e-2,4.5202867957e-2,7.1126067957e-2
33.957,722,1.6443999278e-2,1.6449462598e-2,6.2717509317e-2
34.04725,1058,2.3016283683e-2,2.3019029459e-2,9.8491109309e-2
34.1795,770,6.52621956e-2,6.526669551e-2,0.13403438334
34.27575,338,2.0214079851e-2,2.0220468347e-2,8.1345342057e-2
34.318,1154,2.4606945226e-2,2.4615608821e-2,7.1849320797e-2
34.46225,434,1.6716844213e-2,1.6718608958e-2,4.2065808958e-2
34.5165,1298,5.6645426658e-2,5.6648650518e-2,0.108680433076
34.67875,1202,3.6771390041e-2,3.6775732881e-2,9.3375321701e-2
34.829,722,2.2373841869e-2,2.2377764444e-2,4.7955364444e-2
34.91925,50,5.7722525194e-2,5.7726861894e-2,9.9131039582e-2
34.9255,1490,4.8189062993e-2,4.8191610135e-2,8.68025033e-2
35.11175,1058,6.4615774828e-2,6.4622077023e-2,0.110073258665
35.244,482,3.1930290126e-2,3.1938062967e-2,5.7323662967e-2
35.30425,818,5.0623457977e-2,5.0629657929e-2,7.6284057929e-2
35.4065,722,3.3460562842e-2,3.3463032344e-2,7.7329552046e-2
35.49675,338,,,
35.539,1058,3.7232391465e-2,3.7240611323e-2,7.2497020111e-2
35.67125,818,6.2230449268e-2,6.2239532333e-2,8.9467077722e-2
35.7735,1154,1.7307998846e-2,1.7314453731e-2,5.0273633266e-2
35.91775,338,2.5989880291e-2,2.5993891846e-2,7.9640690454e-2
35.96,722,3.0130760538e-2,3.0134045626e-2,9.7283981733e-2
36.05025,482,1.5963999518e-2,1.5972356221e-2,4.5744804525e-2
36.1105,386,1.5771999614e-2,1.5782888025e-2,4.1502852797e-2
36.15875,434,1.5867999566e-2,1.5871423773e-2,4.1218623773e-2
36.213,914,2.0091550129e-2,2.0101857614e-2,4.5833057614e-2
36.32725,1394,6.3874790508e-2,6.3884434553e-2,9.8952437531e-2
36.5015,866,1.6731999134e-2,1.67346102e-2,5.3716348312e-2
36.60975,50,3.7093903393e-2,3.7102290291e-2,8.5660850745e-2
36.616,1250,3.8380439e-2,3.8385795807e-2,7.0881644105e-2
36.77225,338,5.6146059623e-2,5.6156905176e-2,0.101128726436
36.8145,98,2.6462404664e-2,2.6467296768e-2,7.514216608e-2
36.82675,722,1.6443999278e-2,1.6451670309e-2,9.1256258415e-2
36.917,1394,3.0034974281e-2,3.0041611994e-2,5.6156811994e-2
37.09125,1202,6.3075830614e-2,6.3078066159e-2,9.4245634088e-2
37.2415,626,3.8897729899e-2,3.890577087e-2,6.440657087e-2
37.31975,1442,1.7883998558e-2,1.7887607893e-2,5.4267755611e-2
37.5,1346,2.6683928356e-2,2.6689778769e-2,7.7983385448e-2
37.66825,1010,2.6554906517e-2,2.6557517206e-2,5.2365517206e-2
37.7945,434,1.8065947617e-2,1.8071921503e-2,5.5749039835e-2
37.84875,1058,1.7115998942e-2,1.7119396919e-2,8.9499839724e-2
37.981,290,2.6342899824e-2,2.6349366757e-2,9.072841222e-2
38.01725,530,5.4155540768e-2,5.4166167457e-2,9.6685262003e-2
38.0835,1298,3.1153635812e-2,3.1155519544e-2,9.1941777144e-2
38.24575,434,5.9929161143e-2,5.9931069558e-2,0.10557203619
38.3,1346,1.9897230579e-2,1.9900811665e-2,8.0327734921e-2
38.46825,1154,4.5883998508e-2,4.5890189856e-2,0.104902915853
38.6125,1490,1.797999851e-2,1.798613322e-2,5.6408467092e-2
38.79875,194,1.5387999806e-2,1.5397792184e-2,4.0552992184e-2
38.823,770,5.4415126277e-2,5.442574977e-2,8.67324694e-2
38.91925,1442,4.9511046364e-2,4.9515485384e-2,7.5669085384e-2
39.0995,146,5.4422158576e-2,5.4427206696e-2,7.9544006696e-2
39.11775,1106,1.7211998894e-2,1.7220739073e-2,7.3067279671e-2
39.256,1106,2.4256093974e-2,2.4260328409e-2,
39.39425,242,1.5483999758e-2,1.5490853691e-2,7.3055296684e-2
39.4245,242,6.3100678979e-2,6.3106741785e-2,0.114307344004
39.45475,578,3.0207434005e-2,3.0212866449e-2,5.5675266449e-2
39.527,242,5.2161080895e-2,5.2172015074e-2,8.6484902207e-2
39.55725,866,5.7202461426e-2,5.7204605372e-2,9.9891253978e-2
39.6655,338,4.5595668694e-2,4.5606084151e-2,8.3981697793e-2
39.70775,674,1.6347999326e-2,1.6356322739e-2,7.2081890891e-2
39.792,1058,3.0240903537e-2,3.0250250381e-2,6.7470781226e-2
39.92425,290,2.8954224015e-2,2.8961824915e-2,9.5133770642e-2
39.9605,1154,5.8703357587e-2,5.8712478136e-2,0.108782195874
40.10475,1154,6.3871948281e-2,6.3881829958e-2,9.4074379812e-2
40.249,146,3.0141731552e-2,3.0152477912e-2,9.8878364336e-2
40.26725,578,1.6155999422e-2,1.616218825e-2,5.7576428456e-2
40.3395,98,6.0256939988e-2,6.0258804727e-2,9.0024818068e-2
40.35175,1442,6.406549479e-2,6.4069104689e-2,9.6985614857e-2
40.532,1106,4.3206752359e-2,4.3210437663e-2,6.9095237663e-2
40.67025,1250,5.9401874037e-2,5.9411978312e-2,0.127485883779
40.8265,1394,6.7136699397e-2,6.7140458326e-2,0.105630551156
41.00075,578,4.8767127364e-2,4.8773873003e-2,0.111566732806
41.073,1490,4.3147238339e-2,4.3151345396e-2,6.9343345396e-2
41.25925,530,4.1390436817e-2,4.1397785811e-2,8.9275604281e-2
41.3255,1202,1.7403998798e-2,1.7407025931e-2,6.1092568106e-2
41.47575,674,4.7784021697e-2,4.7791708513e-2,0.107663165277
41.56,1202,4.64670336e-2,4.6476093158e-2,0.103986535945
41.71025,1346,5.4854768239e-2,5.485634699e-2,9.0718066199e-2
41.8785,578,2.1534874837e-2,2.1537865527e-2,4.7000265527e-2
41.95075,530,2.4385561351e-2,2.4395713887e-2,5.1301702936e-2
42.017,1058,2.8049454953e-2,2.8060269531e-2,6.2778436269e-2
42.14925,674,4.5796860582e-2,4.5798895955e-2,8.6639859966e-2
42.2335,962,6.1180306222e-2,6.118601344e-2,0.136347196048
42.35375,482,1.5963999518e-2,1.5974555843e-2,7.1990828193e-2
42.414,1298,2.3207317331e-2,2.3212938201e-2,4.9251338201e-2
42.57625,1298,4.7594612223e-2,4.7596257058e-2,7.3634657058e-2
42.7385,1346,3.292051787e-2,3.2923819168e-2,5.9000619168e-2
42.90675,434,3.3064014089e-2,3.307369265e-2,0.104759186351
42.961,1154,1.8719800399e-2,1.87293751e-2,5.1484516294e-2
43.10525,1394,5.2475662965e-2,5.2480327015e-2,0.114836402735
43.2795,1442,1.7883998558e-2,1.7889975787e-2,8.0515430682e-2
43.45975,1058,3.6766884777e-2,3.6771524112e-2,0.103311214643
43.592,290,5.3912529076e-2,5.3915854857e-2,9.158907555e-2
43.62825,1346,2.3806719952e-2,2.3813705563e-2,5.4035713843e-2
43.7965,482,6.5178995915e-2,6.518739404e-2,0.140164870606
43.85675,1058,1.7115998942e-2,1.71216876e-2,4.29680876e-2
43.989,674,6.3880635998e-2,6.3883618002e-2,8.9422818002e-2
44.07325,242,4.5335590972e-2,4.5343002818e-2,0.119746432237
44.1035,242,5.6160723923e-2,5.6162898508e-2,9.2574981136e-2
44.13375,338,6.3232593676e-2,6.3238534159e-2,9.5478707835e-2
44.176,1058,4.3433941829e-2,4.3436799485e-2,7.1858725266e-2
44.30825,338,2.9730819603e-2,2.9739121497e-2,0.101493373466
44.3505,1202,3.0336290983e-2,3.0338909689e-2,6.0711029884e-2
44.50075,1394,2.2564271063e-2,2.2573852466e-2,6.867659651e-2
44.675,962,5.8438131209e-2,5.8446463174e-2,0.11208503999
44.79525,722,2.2788761908e-2,2.2796086108e-2,7.6937273103e-2
44.8855,1346,5.9452968561e-2,5.9459259891e-2,8.5536059891e-2
45.05375,530,3.9435439858e-2,3.9444783901e-2,0.851670796374
45.12,530,4.3164058704e-2,4.3170380044e-2,0.849763550557
45.18625,146,6.4215950496e-2,6.4226124288e-2,0.880088935127
45.2045,98,2.0419849224e-2,2.0430832714e-2,0.842665451153
45.21675,50,4.2536599085e-2,4.2544258803e-2,0.823046324142
45.223,1442,3.8492304489e-2,3.8497099746e-2,0.844469150778
45.40325,242,3.4115318342e-2,3.4124246407e-2,0.844447974671
45.4335,1298,6.6668171194e-2,6.6676640121e-2,0.866645455632
45.59575,770,2.148484247e-2,2.1492405111e-2,0.836114038554
45.692,914,1.7012925479e-2,1.7023796424e-2,0.838077679132
45.80625,1394,1.7787998606e-2,1.7794193114e-2,0.797437880749
45.9805,1250,1.7962268538e-2,1.7971673093e-2,0.797647962552
46.13675,338,4.0035127168e-2,4.0042823521e-2,0.852589644263
46.179,1106,2.334933736e-2,2.3355394902e-2,0.810693319596
46.31725,1346,5.9328163885e-2,5.9329446031e-2,0.860648192832
46.4855,194,4.2243110928e-2,4.2249812299e-2,0.864580345202
46.50975,1442,3.6527718633e-2,3.6531330143e-2,0.812684930143
46.69,50,5.0702759519e-2,5.0706916293e-2,0.838566332182
46.69625,1298,1.7595998702e-2,1.7603000082e-2,0.84155345012
46.8585,290,1.7163665319e-2,1.7165972293e-2,0.821074718706
46.89475,1490,3.9291296522e-2,3.9300814633e-2,0.833157932612
47.081,1250,5.4310683699e-2,5.4314573746e-2,0.854722530495
47.23725,338,1.5675999662e-2,1.5683070312e-2,0.828854789875
47.2795,242,3.4760398923e-2,3.477058355e-2,0.83829450963
47.30975,146,1.7073749625e-2,1.707811594e-2,0.829853883017
47.328,722,2.5504429618e-2,2.5512386636e-2,0.805443462392
47.41825,1058,1.7115998942e-2,1.7121787416e-2,0.792968187416
47.5505,50,3.9255860716e-2,3.9257986441e-2,0.838485813923
47.55675,1346,4.0667620398e-2,4.0669927815e-2,0.816746727815
47.725,1106,6.6293898119e-2,6.6299592894e-2,0.843956951559
47.86325,866,4.1404566978e-2,4.1406392462e-2,0.837432212478
47.9715,1394,2.9381928097e-2,2.938614109e-2,8.5218635589e-2
48.14575,98,1.5321819355e-2,1.5323790435e-2,4.1686265288e-2
48.158,1346,1.7691998654e-2,1.7698750866e-2,4.6322555824e-2
48.32625,1394,6.2181687046e-2,6.2185027396e-2,0.127368717662
48.5005,530,3.9939059991e-2,3.9944610671e-2,8.334414964e-2
48.56675,1394,2.782313532e-2,2.7827895699e-2,7.9921077907e-2
48.741,962,4.1459703442e-2,4.1462335427e-2,6.7937117979e-2
48.86125,770,1.653999923e-2,1.6545241543e-2,6.9460044052e-2
48.9575,1106,6.3074181868e-2,6.3077822352e-2,8.8962622352e-2
49.09575,962,5.067658573e-2,5.068194192e-2,8.7987913814e-2
49.216,1202,3.5700901797e-2,3.5708747626e-2,9.1114697555e-2
49.36625,914,5.6135246933e-2,5.6141179065e-2,9.6052136861e-2
49.4805,1298,2.8208537717e-2,2.8210714606e-2,9.6094548019e-2
49.64275,530,1.6692133561e-2,1.6697373077e-2,9.1604392935e-2
49.709,578,4.3859314441e-2,4.3863203763e-2,9.8326899329e-2
49.78125,434,5.1877043021e-2,5.187970353e-2,0.102030316608
49.8355,50,5.7802041516e-2,5.7808641489e-2,9.3530645992e-2
49.84175,1442,1.7883998558e-2,1.78858114e-2,4.40394114e-2
50.022,242,3.8049345878e-2,3.805314518e-2,9.7313281539e-2
50.05225,1346,4.5214275135e-2,4.5217250196e-2,0.105062077787
50.2205,722,3.7883633126e-2,3.7889869225e-2,9.716225387e-2
50.31075,1058,4.5381613991e-2,4.5384466447e-2,0.105542946285
50.443,338,5.2212528235e-2,5.2217956784e-2,0.111609998361
50.48525,578,3.2311999422e-2,3.2318924415e-2,9.2554847933e-2
50.5575,1394,4.2805285317e-2,4.2813651319e-2,0.104031307674
50.73175,1154,3.7178728953e-2,3.7182066793e-2,9.6630790595e-2
50.876,530,4.2693373577e-2,4.269841431e-2,0.101801191137
50.94225,1010,3.403999899e-2,3.4049488945e-2,9.3667101506e-2
51.0685,722,5.2774666186e-2,5.2782314675e-2,0.113377648829
51.15875,386,3.3165831637e-2,3.3171947395e-2,9.2436497988e-2
51.207,914,4.8006967499e-2,4.8016887134e-2,0.107184086194
51.32125,50,5.2153366646e-2,5.215832806e-2,0.111290332504
51.3275,98,3.2285737837e-2,3.2294616895e-2,9.2666328426e-2
51.33975,1154,5.8476730939e-2,5.847816266e-2,0.118591850896
51.484,290,3.115999971e-2,3.1161957741e-2,9.1376095213e-2
51.52025,674,4.500787794e-2,4.5011812576e-2,0.104329829448
51.6045,866,5.3236225124e-2,5.3242703708e-2,0.113671748454
51.71275,674,3.8779821669e-2,3.8789753745e-2,9.8317837772e-2
51.797,530,3.211999947e-2,3.2123115033e-2,9.2135452706e-2
51.86325,818,3.6667005242e-2,3.6676831404e-2,9.7281260339e-2
51.9655,962,3.5738290381e-2,3.5746371465e-2,9.5509349739e-2
52.08575,146,4.0766614292e-2,4.0771887315e-2,0.100830251557
52.104,1058,3.696888637e-2,3.6979715221e-2,9.7214082249e-2
52.23625,1202,5.0713611877e-2,5.0715820206e-2,0.110532597833
52.3865,194,4.6440979621e-2,4.644641124e-2,0.106246860164
52.41075,1058,4.8744816317e-2,4.8746513721e-2,0.109635052552
52.543,1010,5.6833111312e-2,5.6837892119e-2,0.116007159366
52.66925,1250,4.5159967148e-2,4.5169258612e-2,0.106001448486
52.8255,1250,3.9423153733e-2,3.9426857462e-2,9.9783034049e-2
52.98175,1058,3.4231998942e-2,3.4240579464e-2,9.4668905944e-2
53.114,1010,5.2130222883e-2,5.2138074334e-2,0.111882312801
53.24025,1202,3.602481726e-2,3.6030244186e-2,9.5562852129e-2
53.3905,146,4.6943481814e-2,4.6947599989e-2,0.107730579644
53.40875,1058,3.6943324825e-2,3.6945270391e-2,9.7859900341e-2
53.541,1250,3.499999875e-2,3.5008000902e-2,9.55898132e-2
53.69725,962,4.4184575998e-2,4.4193144211e-2,0.104115937904
53.8175,194,5.5150926268e-2,5.5159612191e-2,0.115987430521
53.84175,98,3.0391999902e-2,3.0400149855e-2,8.9717145904e-2
53.854,818,5.4699166761e-2,5.4700847136e-2,0.114970926377
53.95625,1106,3.4458538297e-2,3.4466815774e-2,9.4395603035e-2
54.0945,1010,3.6308267251e-2,3.6312089672e-2,9.7359121528e-2
54.22075,1298,5.600678071e-2,5.6011035254e-2,0.116719262634
54.383,1346,3.5383998654e-2,3.5390155401e-2,9.5109028948e-2
54.55125,866,3.3463999134e-2,3.3471338412e-2,9.2833561487e-2
54.6595,770,5.1792437872e-2,5.1798689069e-2,0.112863654073
54.75575,1202,4.9589754193e-2,4.959372089e-2,0.109267977961
54.906,1490,5.8018280557e-2,5.8024767379e-2,0.118702456475
55.09225,1490,4.2723126142e-2,4.2733361859e-2,0.102617458941
55.2785,1058,4.1214645824e-2,4.1222690734e-2,0.101187069327
55.41075,242,4.74518822e-2,4.7454916784e-2,0.107429495065
55.441,290,4.8166201379e-2,4.8172560699e-2,0.108825888011
55.47725,1202,3.5246425244e-2,3.5252447105e-2,9.520789098e-2
55.6275,914,5.7642716772e-2,5.764781449e-2,0.117173492961
55.74175,338,4.2377770229e-2,4.2380580619e-2,0.101536573855
55.784,194,4.6127249642e-2,4.6130761416e-2,0.105890447282
55.80825,674,3.2695999326e-2,3.2699807492e-2,9.3780610851e-2
55.8925,1058,5.4177205062e-2,5.4184223529e-2,0.11452923424
56.02475,866,3.3463999134e-2,3.3473057772e-2,9.2636768994e-2
56.133,194,3.0775999806e-2,3.0784868989e-2,9.0233373906e-2
56.15725,770,5.5021484113e-2,5.5030021568e-2,0.115206511006
56.2535,530,,,
56.31975,1106,3.7686657264e-2,3.7695829261e-2,9.8506165085e-2
56.458,482,4.7298757768e-2,4.7302290032e-2,0.107645228501
56.51825,98,4.3298853942e-2,4.3303840185e-2,0.103377744792
56.5305,242,4.1066282937e-2,4.1074188929e-2,0.10083993995
56.56075,194,4.2586033388e-2,4.2596293846e-2,0.10353555505
56.585,914,5.679375664e-2,5.6803957922e-2,0.116580898958
56.69925,146,4.2014770012e-2,4.2020754698e-2,0.102851992811
56.7175,1490,3.595999851e-2,3.5967741131e-2,9.6987795698e-2
56.90375,1394,4.3303767809e-2,4.3314064922e-2,0.102624550934
57.078,770,3.550276273e-2,3.5513439166e-2,9.4883750667e-2
57.17425,770,3.307999923e-2,3.3081641052e-2,9.3863723577e-2
57.2705,770,4.4686195171e-2,4.4691574798e-2,0.104486511855
57.36675,1346,5.9584030187e-2,5.9586059164e-2,0.120376239006
57.535,866,5.2371536817e-2,5.2373830827e-2,0.113087166678
57.64325,1010,3.403999899e-2,3.4045959442e-2,9.4185011043e-2
57.7695,1442,4.8709457751e-2,4.8716509003e-2,0.108360523199
57.94975,50,5.4411537042e-2,5.442065038e-2,0.114899814384
57.956,530,5.154477881e-2,5.1549057944e-2,0.112184255133
58.02225,818,3.3271999182e-2,3.3277432686e-2,9.264065233e-2
58.1245,146,3.0583999854e-2,3.0593858075e-2,8.9629307897e-2
58.14275,578,5.2546621483e-2,5.2556718058e-2,0.11179730955
58.215,770,5.7488924554e-2,5.7496400198e-2,0.117509680419
58.31125,674,4.1824951724e-2,4.1826784608e-2,0.101744478587
58.3955,242,4.8073145137e-2,4.808235179e-2,0.10903604713
58.42575,818,4.3269801037e-2,4.3278783148e-2,0.102991397725
58.528,1010,3.6904818708e-2,3.691079367e-2,9.6225484105e-2
58.65425,1394,4.6252576293e-2,4.625720365e-2,0.105855240949
58.8285,50,3.3523523743e-2,3.3531135205e-2,9.2573393404e-2
58.83475,1298,4.4892793406e-2,4.4897066338e-2,0.105245705532
58.997,530,5.6717661039e-2,5.6722980157e-2,0.116616928221
59.06325,818,5.3880821065e-2,5.3884300801e-2,0.113049550526
59.1655,770,5.2639628491e-2,5.264277109e-2,0.112050860876
59.26175,962,3.7618851266e-2,3.762192312e-2,9.7702456256e-2
59.382,866,4.7791869815e-2,4.7795129587e-2,0.108603715756
59.49025,194,4.0890761806e-2,4.0896210502e-2,9.9977452203e-2
59.5145,1394,5.6386900724e-2,5.6390122605e-2,0.116107839715
59.68875,674,3.2695999326e-2,3.2704059217e-2,9.195981927e-2
59.773,1106,5.0107193516e-2,5.0113552681e-2,0.109563670727
59.91125,1058,5.231054405e-2,5.2312840491e-2,0.112455577893
60.0435,770,4.3802809632e-2,4.3808976473e-2,0.103944111464
60.13975,578,4.268300179e-2,4.2687216781e-2,0.102656949041
60.212,1010,4.4776019271e-2,4.478621435e-2,0.104278310617
60.33825,1346,4.6347820437e-2,4.635618983e-2,0.107569818181
60.5065,722,4.284911913e-2,4.2857339902e-2,0.103952235369
60.59675,386,3.4724706254e-2,3.4730356349e-2,9.5541866655e-2
60.645,50,4.2810385144e-2,4.281504257e-2,0.102113692899
60.65125,50,4.3466554983e-2,4.3470931502e-2,0.102551601795
60.6575,1442,5.3363408904e-2,5.3364959396e-2,0.114282927704
60.83775,50,3.019999995e-2,3.0202576541e-2,8.9910789855e-2
60.844,338,3.1351999662e-2,3.1353340895e-2,9.1627667683e-2
60.88625,1298,5.8080763441e-2,5.8086534962e-2,0.118564569204
61.0485,1442,3.5767998558e-2,3.5771546417e-2,9.6642732064e-2
61.22875,770,4.7188356249e-2,4.7191243036e-2,0.107184673222
61.325,1346,4.4348839908e-2,4.4349916744e-2,0.1036855205
61.49325,242,3.7434183103e-2,3.7443286821e-2,9.7993092008e-2
61.5235,386,3.300328523e-2,3.300951287e-2,9.2491700539e-2
61.57175,50,3.019999995e-2,3.020869265e-2,9.0336509508e-2
61.578,1106,4.2805454099e-2,4.2810085566e-2,0.103489898394
61.71625,338,3.1351999662e-2,3.1360395743e-2,9.2149652412e-2
61.7585,1058,4.2620725914e-2,4.2627245597e-2,0.103711434579
61.89075,1442,4.292204465e-2,4.292791836e-2,0.102351225258
62.071,1298,3.8706090419e-2,3.8709395989e-2,9.8582146344e-2
62.23325,1202,5.2383484429e-2,5.2384928153e-2,0.112786262326
62.3835,434,3.989185119e-2,3.9901584352e-2,0.100123890554
62.43775,194,3.3039007957e-2,3.3045571801e-2,9.3900182768e-2
62.462,242,4.0007486516e-2,4.0014940726e-2,0.100239381037
62.49225,1058,3.5523122044e-2,3.5532670069e-2,9.5357142824e-2
62.6245,722,5.3739952233e-2,5.3749105009e-2,0.112895163085
62.71475,290,3.2198069779e-2,3.2200389574e-2,9.1532847253e-2
62.751,1394,5.5353644894e-2,5.5361056326e-2,0.116388508788
62.92525,338,4.398160456e-2,4.3986128263e-2,0.104501179817
62.9675,770,5.26604361e-2,5.2667227845e-2,0.113573924008
63.06375,914,4.9404717839e-2,4.9410365175e-2,0.109907660997
63.178,482,4.4598451293e-2,4.4608718663e-2,0.104261851996
63.23825,338,5.0819442889e-2,5.082275771e-2,0.110207779531
63.2805,818,3.3271999182e-2,3.3279696391e-2,9.371867005e-2
63.38275,530,4.4250964948e-2,4.4261396864e-2,0.103837240643
63.449,770,3.4180546841e-2,3.418809496e-2,9.4045374284e-2
63.54525,770,3.5569193503e-2,3.5571760104e-2,9.5112057504e-2
63.6415,1250,4.1114667894e-2,4.1121048159e-2,0.10178453151
63.79775,1442,4.6662569988e-2,4.6673061714e-2,0.107060242744
63.978,1442,5.4532047372e-2,5.4533435763e-2,0.11574990518
64.15825,722,3.3260480635e-2,3.3270047783e-2,9.2943659436e-2
64.2485,1202,3.6632835277e-2,3.6640485402e-2,9.6243787771e-2
64.39875,962,4.4935714663e-2,4.4937552852e-2,0.104727487675
64.519,386,3.5147562326e-2,3.5151533188e-2,9.4398475745e-2
64.56725,866,3.775262038e-2,3.7757480706e-2,9.7626583703e-2
64.6755,290,3.115999971e-2,3.1170563107e-2,9.1396252704e-2
64.71175,962,5.6255268143e-2,5.6264324104e-2,0.117248533562
64.832,290,3.115999971e-2,3.1166776403e-2,9.0380538446e-2
64.86825,578,3.3894478875e-2,3.3896793888e-2,9.3550333868e-2
64.9405,1154,3.4615998846e-2,3.461773194e-2,9.5427931242e-2
65.08475,242,3.4641989782e-2,3.4646059168e-2,9.3897595534e-2
65.115,386,4.3997089082e-2,4.4006503927e-2,0.103379204179
65.16325,386,3.1543999614e-2,3.1545621282e-2,9.2599717137e-2
65.2115,1298,5.4772912409e-2,5.4774069177e-2,0.114896947455
65.37375,914,3.8450899391e-2,3.8461557917e-2,9.8843480218e-2
65.488,1058,3.4231998942e-2,3.4242307947e-2,9.4146168617e-2
65.62025,50,4.6142433798e-2,4.6145411432e-2,0.107007134693
65.6265,338,3.1351999662e-2,3.1360117236e-2,9.2182630503e-2
65.66875,146,3.0583999854e-2,3.0589338041e-2,9.0741547468e-2
65.687,626,3.2503999374e-2,3.2509226706e-2,9.2340471274e-2
65.76525,194,3.9357012293e-2,3.9360333624e-2,9.8843947714e-2
65.7895,1202,4.429109685e-2,4.4297545168e-2,0.105328584718
65.93975,674,4.6484053091e-2,4.6491838874e-2,0.106857191034
66.024,1442,5.5035153415e-2,5.504313347e-2,0.115214469027
66.20425,482,5.2800806648e-2,5.2803890921e-2,0.113598789409
66.2645,434,3.8263280466e-2,3.8272991298e-2,9.7355103885e-2
66.31875,770,4.4990570946e-2,4.4999699538e-2,0.104527428827
66.415,242,4.1948072189e-2,4.1953083288e-2,0.102260088489
66.44525,1346,3.5383998654e-2,3.5394936265e-2,9.6604474015e-2
66.6135,1010,4.5548284989e-2,4.55525953e-2,0.105193726666
66.73975,1250,5.3058054761e-2,5.3061692509e-2,0.113696499855
66.896,866,4.0819471672e-2,4.08302729e-2,0.100472900307
67.00425,674,4.8314857253e-2,4.8324810984e-2,0.109173570434
67.0885,674,4.2891086036e-2,4.2896244278e-2,0.102063850018
67.17275,1298,3.5191998702e-2,3.5194638721e-2,9.4615021501e-2
67.335,482,3.1927999518e-2,3.1930632506e-2,9.290256424e-2
67.39525,386,3.1543999614e-2,3.1553597745e-2,9.1111030807e-2
67.4435,1346,5.2194481021e-2,5.2197473842e-2,0.112521443847
67.61175,866,4.9847784888e-2,4.9856444254e-2,0.110917613021
67.72,578,3.2550541677e-2,3.2560664843e-2,9.1832509789e-2
67.79225,770,4.6977427519e-2,4.6980302421e-2,0.106397259213
67.8885,194,3.0775999806e-2,3.0778609541e-2,8.9890926246e-2
67.91275,962,3.3847999038e-2,3.3850917497e-2,9.3206542232e-2
68.033,1442,5.9593701746e-2,5.9602346575e-2,0.120243894618
68.21325,530,4.3889334255e-2,4.3895179987e-2,0.104599123683
68.2795,1394,5.6826369495e-2,5.6833386316e-2,0.11799209391
68.45375,434,3.9419760983e-2,3.9430187647e-2,9.8615936385e-2
68.508,722,3.2887999278e-2,3.2891047729e-2,9.3003343397e-2
68.59825,914,3.3747492215e-2,3.3751698973e-2,9.3120870053e-2
68.7125,914,5.5806942141e-2,5.581785561e-2,0.115766400921
68.82675,1490,4.0242568488e-2,4.0248117071e-2,0.101012795538
69.013,1106,3.4423998894e-2,3.4428466702e-2,9.5386841954e-2
69.15125,1442,4.4869724672e-2,4.4875175102e-2,0.105766196174
69.3315,1010,5.2761197653e-2,5.2765245826e-2,0.113342771546
69.45775,482,3.1927999518e-2,3.1935567132e-2,9.1667745304e-2
69.518,530,5.3730475546e-2,5.3739995753e-2,0.113648537176
69.58425,1394,3.8381422296e-2,3.8389126392e-2,9.8943896791e-2
69.7585,1442,6.0070008051e-2,6.0080931141e-2,0.121285339931
69.93875,626,3.4770611976e-2,3.4778630875e-2,9.3929055681e-2
70.017,1346,5.6238710186e-2,5.6241100226e-2,0.115532779055
70.18525,98,4.7545266719e-2,4.7555846973e-2,0.10742480939
70.1975,194,3.5270552306e-2,3.5274038261e-2,9.5310774665e-2
70.22175,1394,3.5575998606e-2,3.5585936207e-2,9.5397441866e-2
70.396,1394,4.8991103315e-2,4.8998667568e-2,0.108873458575
70.57025,98,3.0391999902e-2,3.0399395672e-2,9.0097027274e-2
70.5825,1202,5.9492284543e-2,5.9501317139e-2,0.119531644238
70.73275,1490,4.5885119951e-2,4.5890249852e-2,0.10670184672
70.919,242,3.9175036871e-2,3.918097379e-2,9.9454409119e-2
70.94925,338,3.2577228316e-2,3.2580928768e-2,9.3138094846e-2
70.9915,770,3.307999923e-2,3.3084735469e-2,9.3449489437e-2
71.08775,434,3.7125907428e-2,3.7128329764e-2,9.6785827824e-2
71.142,722,3.8457309671e-2,3.8466804434e-2,9.9032068045e-2
71.23225,530,4.5512491667e-2,4.5520817465e-2,0.106003987186
71.2985,1106,5.505999677e-2,5.5069364531e-2,0.114459682427
71.43675,818,3.3271999182e-2,3.3280261646e-2,9.3166376322e-2
71.539,1346,3.5383998654e-2,3.5389706331e-2,9.633460167e-2
71.70725,50,3.1888718745e-2,3.1894994525e-2,9.155338895e-2
71.7135,434,4.3836669121e-2,4.3846790704e-2,0.10297074325
71.76775,338,3.1351999662e-2,3.1358320361e-2,9.1737678798e-2
71.81,290,3.4409652393e-2,3.4413959556e-2,9.462910437e-2
71.84625,50,4.4803502067e-2,4.4806332979e-2,0.104197967165
71.8525,434,4.9201656189e-2,4.9203131947e-2,0.110179239232
71.90675,1490,4.1356887567e-2,4.1362406271e-2,0.100837632282
72.093,722,5.6080494385e-2,5.6081507947e-2,0.116089115798
72.18325,386,3.1543999614e-2,3.1547793229e-2,9.1880848437e-2
72.2315,194,3.1335589107e-2,3.1339673746e-2,9.1797658177e-2
72.25575,1058,3.4231998942e-2,3.4235201793e-2,9.3806821633e-2
72.388,866,3.3463999134e-2,3.3472159819e-2,9.4297110839e-2
72.49625,98,3.2239183583e-2,3.2248033833e-2,9.2878060951e-2
72.5085,242,4.2639039033e-2,4.2644512542e-2,0.103168370733
72.53875,338,4.9722929767e-2,4.9726241626e-2,0.110482656951
72.581,482,4.3555333688e-2,4.355654249e-2,0.103018877543
72.64125,1106,3.4423998894e-2,3.4429706026e-2,9.5359882809e-2
72.7795,818,3.8447753609e-2,3.8449745642e-2,9.9193076449e-2
72.88175,1250,3.6053181507e-2,3.605762711e-2,9.6909045303e-2
73.038,962,4.0657433425e-2,4.0667179572e-2,0.100445594866
73.15825,866,3.7553098489e-2,3.7556376244e-2,9.7367757788e-2
73.2665,290,3.7065669823e-2,3.7070072795e-2,9.7353844674e-2
73.30275,1250,3.499999875e-2,3.5005323696e-2,9.5815874872e-2
73.459,1442,4.6465567324e-2,4.6468510639e-2,0.107000624903
73.63925,1058,4.5780045895e-2,4.57825828e-2,0.105337405451
73.7715,914,5.634259232e-2,5.6346718909e-2,0.115616563971
73.88575,242,3.0967999758e-2,3.0974134554e-2,9.0507385958e-2
73.916,50,5.0505072838e-2,5.051261322e-2,0.110159246554
73.92225,1250,5.8524026067e-2,5.8534336933e-2,0.117994062456
74.0785,98,4.8494185702e-2,4.8501910942e-2,0.107757974717
74.09075,1250,3.499999875e-2,3.5005182603e-2,9.5470148726e-2
74.247,674,4.6040525616e-2,4.6051384017e-2,0.105759880012
74.33125,962,5.1095187874e-2,5.1100885894e-2,0.112246087149
74.4515,290,3.1991144746e-2,3.1997317461e-2,9.2391909392e-2
74.48775,674,4.8094832295e-2,4.8097206156e-2,0.108339220008
74.572,1298,5.5530107465e-2,5.5533607473e-2,0.115172629156
74.73425,1058,5.1576784796e-2,5.158270905e-2,0.111090153168
74.8665,1298,3.9535515826e-2,3.9537502549e-2,9.9314948395e-2
75.02875,1202,4.3009461014e-2,4.3011624696e-2,0.103149567865
75.179,962,3.3847999038e-2,3.3857713349e-2,9.3900645966e-2
75.29925,1346,3.9725598185e-2,3.9733420973e-2,0.100779679947
75.4675,242,3.5464371597e-2,3.5469774417e-2,9.4628360549e-2
75.49775,290,3.5670940228e-2,3.5675404191e-2,9.5576917571e-2
75.534,818,3.3389086547e-2,3.339170149e-2,9.3498027447e-2
75.63625,722,4.552213506e-2,4.5529662141e-2,0.106534763327
75.7265,290,3.2496002083e-2,3.2501804753e-2,9.2328315467e-2
75.76275,1394,5.1982346581e-2,5.198574441e-2,0.113128551184
75.937,386,4.4065679127e-2,4.40725698e-2,0.105058154307
75.98525,98,4.6211165757e-2,4.6216933973e-2,0.106341427905
75.9975,482,3.1927999518e-2,3.1936340785e-2,9.1730917745e-2
76.05775,1394,3.5575998606e-2,3.5581670542e-2,9.5768360955e-2
76.232,1154,4.7776510697e-2,4.7779651303e-2,0.108758851892
76.37625,1202,3.4807998798e-2,3.4813714128e-2,9.5990265729e-2
76.5265,1394,3.5575998606e-2,3.5579355293e-2,9.6176190972e-2
76.70075,290,5.4736965265e-2,5.4738736894e-2,0.114962117277
76.737,722,4.6261058498e-2,4.6268908219e-2,0.106927872893
76.82725,1058,3.4231998942e-2,3.4238615306e-2,9.5377172572e-2
76.9595,1154,4.6751260515e-2,4.6759184874e-2,0.106400494513
77.10375,914,5.7330487153e-2,5.733206099e-2,0.116953118563
77.218,1154,5.5749842655e-2,5.5758775456e-2,0.115209593511
77.36225,578,3.9139100533e-2,3.9141652275e-2,9.9786122094e-2
77.4345,1442,5.4138660442e-2,5.4140883178e-2,0.115268479276
77.61475,770,3.4493457839e-2,3.450414735e-2,9.4877067388e-2
77.711,146,4.9201395165e-2,4.9204715152e-2,0.109696251377
77.72925,1058,4.0892193543e-2,4.0898032042e-2,0.100269706558
77.8615,818,3.8623460652e-2,3.8633511269e-2,9.8083044652e-2
77.96375,1442,3.5767998558e-2,3.5776804019e-2,9.6307178922e-2
78.144,866,3.5260556119e-2,3.5262734956e-2,9.5812767002e-2
78.25225,1442,3.7276954285e-2,3.7284845252e-2,9.7471231331e-2
78.4325,50,4.3959461181e-2,4.3966685122e-2,0.104169103363
78.43875,482,3.1927999518e-2,3.1929672205e-2,9.1259229093e-2
78.499,1106,4.1777245106e-2,4.1786310513e-2,0.101380791619
78.63725,1106,3.4423998894e-2,3.4426856489e-2,9.3858569709e-2
78.7755,1490,3.595999851e-2,3.5964656187e-2,9.5669105102e-2
78.96175,1010,5.1392742064e-2,5.1397220024e-2,0.111903995263
79.088,1154,3.6173371356e-2,3.6176846518e-2,9.5806632292e-2
79.23225,1394,5.253462273e-2,5.2539835699e-2,0.112701192858
79.4065,98,5.2661928729e-2,5.2664846032e-2,0.112245080174
79.41875,866,4.2057248268e-2,4.2064064857e-2,0.102265400185
79.527,1250,5.971092032e-2,5.9717674059e-2,0.119200437622
79.68325,962,4.6776417853e-2,4.6787143886e-2,0.107340788017
79.8035,1442,5.0266366463e-2,5.0271452905e-2,0.111259850155
79.98375,1154,3.4615998846e-2,3.4622047949e-2,9.5514323779e-2
80.128,1058,2.2115998942e-2,2.2122010311e-2,5.7451418565e-2
80.26025,1346,3.1415075086e-2,3.1418919151e-2,6.6540541476e-2
80.4285,818,2.3156223912e-2,2.3163807219e-2,5.4574648881e-2
80.53075,818,3.006012945e-2,3.0064729658e-2,6.0391929658e-2
80.633,818,2.3783942429e-2,2.3789339924e-2,5.5668410297e-2
80.73525,1154,1.7891385302e-2,1.7893447458e-2,6.3127790543e-2
80.8795,1202,3.2030082805e-2,3.203404812e-2,6.6626553002e-2
81.02975,386,2.0771999614e-2,2.0773333729e-2,5.5796739371e-2
81.078,50,2.3356995646e-2,2.3363659511e-2,5.5383448894e-2
81.08425,770,2.3391624621e-2,2.3401363355e-2,5.5713170696e-2
81.1805,194,2.0805458805e-2,2.0806707132e-2,5.1496022441e-2
81.20475,530,2.6310967509e-2,2.6318356539e-2,5.9346452952e-2
81.271,194,2.6975361722e-2,2.6983575847e-2,6.0137024413e-2
81.29525,1298,3.1707368662e-2,3.171617513e-2,6.3323027532e-2
81.4575,1202,2.70792018e-2,2.708409093e-2,5.898967349e-2
81.60775,338,2.6151225054e-2,2.6152303729e-2,5.6488195536e-2
81.65,530,2.8382241022e-2,2.8389879416e-2,6.0792353371e-2
81.71625,1106,2.5853136281e-2,2.5856808631e-2,5.7574615082e-2
81.8545,1346,2.2691998654e-2,2.2698337026e-2,5.3732132998e-2
82.02275,386,2.0771999614e-2,2.0778775642e-2,5.108315612e-2
82.071,722,2.8885437546e-2,2.8888493518e-2,5.9971361205e-2
82.16125,194,2.0387999806e-2,2.0390681008e-2,5.0637751914e-2
82.1855,482,2.1211344474e-2,2.121922277e-2,5.5317178931e-2
82.24575,290,3.047598193e-2,3.0478985799e-2,6.1019753526e-2
82.282,338,2.8025919655e-2,2.8034032417e-2,5.9568131078e-2
82.32425,1154,2.7119741189e-2,2.7127999286e-2,5.8676664606e-2
82.4685,1058,2.4709085741e-2,2.4718705267e-2,5.5141905267e-2
82.60075,626,2.8682801939e-2,2.8691170355e-2,6.10458837e-2
82.679,194,2.7590052782e-2,2.7600697834e-2,5.8278644139e-2
82.70325,1394,3.2096126292e-2,3.2103944166e-2,6.600092e-2
82.8775,1298,4.9750815836e-2,4.9758328764e-2,9.6687981669e-2
83.03975,626,2.725871333e-2,2.7265494429e-2,6.2502437637e-2
83.118,1346,2.8696809918e-2,2.8702417417e-2,5.9643965335e-2
83.28625,578,2.4920187571e-2,2.4921861359e-2,5.7533553059e-2
83.3585,674,2.918840175e-2,2.9195077354e-2,6.2772246194e-2
83.44275,818,2.1981942735e-2,2.199183068e-2,5.5528113788e-2
83.545,626,2.7523845035e-2,2.7530620303e-2,5.8896067908e-2
83.62325,1202,2.6587880714e-2,2.6598430806e-2,5.9606871239e-2
83.7735,1058,2.2115998942e-2,2.2125498642e-2,5.7423295945e-2
83.90575,722,2.981058033e-2,2.9817341795e-2,6.4971854281e-2
83.996,50,2.9811710686e-2,2.9820950966e-2,6.1080304407e-2
84.00225,1202,2.2403998798e-2,2.2414078094e-2,5.4740145462e-2
84.1525,146,1.5291999854e-2,1.5293701188e-2,7.3679202473e-2
84.17075,146,2.4043442156e-2,2.404777951e-2,5.410617951e-2
84.189,1154,2.9699197384e-2,2.9710074351e-2,6.3907418512e-2
84.33325,1298,2.7639266905e-2,2.7648563865e-2,6.0607326794e-2
84.4955,1346,3.0838354513e-2,3.0849197504e-2,6.5220498633e-2
84.66375,386,2.0771999614e-2,2.077393304e-2,5.1950040354e-2
84.712,482,2.8743540477e-2,2.8754517339e-2,6.0768100353e-2
84.77225,1010,2.6720977276e-2,2.6725378851e-2,6.0923289462e-2
84.8985,434,2.4271263663e-2,2.4276619638e-2,5.8447166952e-2
84.95275,1106,2.4267420365e-2,2.4273898162e-2,5.6063935664e-2
85.091,770,2.153999923e-2,2.1546047219e-2,5.5312804638e-2
85.18725,482,2.4244838236e-2,2.4254778185e-2,5.5979512899e-2
85.2475,770,3.1118833517e-2,3.1120269013e-2,6.3860738291e-2
85.34375,578,2.5243848476e-2,2.5246036335e-2,5.9371751204e-2
85.416,1346,4.6047064387e-2,4.6053883767e-2,0.102561512919
85.58425,242,2.5695487636e-2,2.5702321782e-2,5.7226133812e-2
85.6145,674,2.9422124601e-2,2.943271906e-2,6.1268870103e-2
85.69875,962,2.1923999038e-2,2.1928569146e-2,5.2313369146e-2
85.819,1298,2.6704100762e-2,2.6714946188e-2,6.066268638e-2
85.98125,1010,2.6376364175e-2,2.6387289422e-2,5.8418744421e-2
86.1075,1010,2.3040312463e-2,2.3048522252e-2,5.5336672105e-2
86.23375,962,2.851355841e-2,2.8515397699e-2,6.3782494711e-2
86.354,866,2.9210820225e-2,2.922173662e-2,6.4286985589e-2
86.46225,1202,3.152667222e-2,3.1535579012e-2,6.520959704e-2
86.6125,386,2.4880257205e-2,2.4884318071e-2,5.5038718071e-2
86.66075,962,2.5395308589e-2,2.5399953598e-2,5.9947562943e-2
86.781,146,2.0291999854e-2,2.0299285955e-2,5.2737335972e-2
86.79925,626,2.9128111499e-2,2.9130521934e-2,5.9711326574e-2
86.8775,1298,2.5520061246e-2,2.5525942015e-2,5.7541955857e-2
87.03975,962,3.0900301147e-2,3.0905026823e-2,6.4038081276e-2
87.16,1058,2.6978548656e-2,2.6986991805e-2,5.9273568275e-2
87.29225,1106,2.9730867321e-2,2.9736105257e-2,6.4141291193e-2
87.4305,626,2.7518057796e-2,2.7525476512e-2,5.7775876512e-2
87.50875,1010,2.201999899e-2,2.2026572622e-2,5.6080381786e-2
87.635,914,2.4452916162e-2,2.4463582143e-2,5.5289774037e-2
87.74925,722,2.6274147814e-2,2.6284267459e-2,5.9191079943e-2
87.8395,962,2.684893712e-2,2.6853264201e-2,5.9562535916e-2
87.95975,1346,2.2691998654e-2,2.2695834012e-2,5.4193709303e-2
88.128,1106,3.4714250906e-2,3.4723962051e-2,9.6661603744e-2
88.26625,1394,5.5786224145e-2,5.5793184394e-2,8.1908384394e-2
88.4405,338,2.869005463e-2,2.8697339543e-2,6.1279573309e-2
88.48275,242,2.0483999758e-2,2.0486824875e-2,5.2109797031e-2
88.513,338,2.838881555e-2,2.8394466421e-2,6.1046903516e-2
88.55525,242,2.3996466782e-2,2.4001780285e-2,5.7455659863e-2
88.5855,434,2.1294291985e-2,2.1299349403e-2,5.512783055e-2
88.63975,1394,3.0322815932e-2,3.0328960588e-2,6.0886560588e-2
88.814,1250,2.3308058278e-2,2.3317373346e-2,5.3817373346e-2
88.97025,1346,2.4541618907e-2,2.4547699034e-2,5.7049326788e-2
89.1385,1058,4.4104788381e-2,4.4109143078e-2,0.115064431376
89.27075,722,2.3608582931e-2,2.361395135e-2,5.390275135e-2
89.361,1346,3.2356747449e-2,3.2358885852e-2,6.6970033976e-2
89.52925,338,4.9042929401e-2,4.9051810282e-2,0.102892022237
89.5715,146,2.0291999854e-2,2.0297375483e-2,5.0355775483e-2
89.58975,1442,3.0943366095e-2,3.0946600647e-2,6.5386495952e-2
89.77,50,2.3672505615e-2,2.368309816e-2,5.3980086299e-2
89.77625,674,2.7330383877e-2,2.7340311748e-2,5.8205379145e-2
89.8605,1490,2.4782017353e-2,2.4791517242e-2,5.7028579679e-2
90.04675,434,2.2526330121e-2,2.2536332039e-2,5.6980898669e-2
90.101,1394,2.5633973012e-2,2.5644749821e-2,5.9720015721e-2
90.27525,914,2.7062183295e-2,2.7067465973e-2,6.2378295246e-2
90.3895,50,2.8639396288e-2,2.8648793325e-2,5.9344670357e-2
90.39575,194,2.434099987e-2,2.4343645209e-2,5.6954622357e-2
90.42,1010,3.1661996506e-2,3.1670101931e-2,6.3554537883e-2
90.54625,386,1.8348490943e-2,1.8356661775e-2,4.7687884487e-2
90.5945,530,3.0486750644e-2,3.0489048004e-2,6.182959513e-2
90.66075,1394,2.9527089268e-2,2.9530112334e-2,6.034845195e-2
90.835,1250,2.249999875e-2,2.2509204376e-2,5.3087073966e-2
90.99125,386,2.0771999614e-2,2.0778320088e-2,5.1847129553e-2
91.0395,434,3.0357466933e-2,3.0368289326e-2,6.248050595e-2
91.09375,146,2.0421578842e-2,2.0426311455e-2,4.5678431882e-2
91.112,1298,2.5346303462e-2,2.5353860163e-2,5.5907598668e-2
91.27425,914,2.4028303039e-2,2.4029772436e-2,4.9760972436e-2
91.3885,1106,2.661985411e-2,2.6622217473e-2,5.7426749072e-2
91.52675,1394,3.1969625678e-2,3.1972471903e-2,6.7213233523e-2
91.701,1058,2.3621755925e-2,2.3628733356e-2,5.8936401281e-2
91.83325,530,4.3395619023e-2,4.3399418291e-2,7.3342076213e-2
91.8995,50,2.5453797642e-2,2.5457123487e-2,5.5647790051e-2
91.90575,1442,3.0668048515e-2,3.0677776986e-2,6.3848634456e-2
92.086,50,2.7792856664e-2,2.780232287e-2,6.0685670866e-2
92.09225,866,2.1731999134e-2,2.1737236707e-2,5.2083636707e-2
92.2005,242,2.8641445807e-2,2.8650703072e-2,6.2306485701e-2
92.23075,818,2.2267049621e-2,2.2271755024e-2,5.6823301043e-2
92.333,914,4.6583079204e-2,4.658618977e-2,7.4470542137e-2
92.44725,290,4.265602986e-2,4.2663230707e-2,7.0605263216e-2
92.4835,1490,2.297999851e-2,2.2981608332e-2,5.4730082881e-2
92.66975,866,5.5820192461e-2,5.5821675439e-2,9.6600211728e-2
92.778,866,2.9908032519e-2,2.9917731643e-2,6.3300674671e-2
92.88625,98,2.6293244e-2,2.6297443416e-2,5.6336643416e-2
92.8985,1106,2.6546533878e-2,2.6552702485e-2,5.8950069175e-2
93.03675,146,2.0291999854e-2,2.0295538817e-2,5.0823076236e-2
93.055,98,2.7500084854e-2,2.7509757634e-2,5.8412667935e-2
93.06725,386,2.0771999614e-2,2.0782340624e-2,5.5605445323e-2
93.1155,1490,2.5327279945e-2,2.5333426057e-2,5.817741407e-2
93.30175,338,3.0285385986e-2,3.0289903961e-2,6.324748913e-2
93.344,1058,2.3856341297e-2,2.3866209837e-2,5.5019902593e-2
93.47625,146,2.0291999854e-2,2.0301712879e-2,5.1022393474e-2
93.4945,674,2.2658737595e-2,2.2669182093e-2,5.5801877933e-2
93.57875,50,2.0777055629e-2,2.077886741e-2,5.079886741e-2
93.585,194,2.9251639823e-2,2.9254900739e-2,6.233052962e-2
93.60925,1010,2.9266302362e-2,2.9271427292e-2,6.3458130134e-2
93.7355,626,3.12320288e-2,3.1238620407e-2,6.2641384711e-2
93.81375,674,2.8946130289e-2,2.8950779443e-2,5.9628020381e-2
93.898,1010,2.3500006766e-2,2.3501358302e-2,5.7492492018e-2
94.02425,290,2.7349873843e-2,2.7356036053e-2,5.8771384479e-2
94.0605,626,2.7465910251e-2,2.7471289684e-2,6.0798132667e-2
94.13875,674,2.4306599735e-2,2.4311092721e-2,5.8648096916e-2
94.223,1058,2.4091813642e-2,2.4095260861e-2,9.0406181315e-2
94.35525,1010,2.6371991969e-2,2.6382396985e-2,5.2190396985e-2
94.4815,674,3.0005956753e-2,3.0014995511e-2,6.4943811896e-2
94.56575,1490,2.8406864046e-2,2.8411466955e-2,6.0569113071e-2
94.752,1058,3.1140610616e-2,3.1150989178e-2,6.4555205124e-2
94.88425,866,2.9257916742e-2,2.9267442569e-2,6.14525809e-2
94.9925,1202,3.0035910228e-2,3.0041909124e-2,6.4322442829e-2
95.14275,290,2.3211167358e-2,2.321442913e-2,5.7604253989e-2
95.179,1394,2.8616260912e-2,2.861760609e-2,6.3264178785e-2
95.35325,1010,2.4062918387e-2,2.4065782831e-2,5.750873682e-2
95.4795,146,2.5383120342e-2,2.5386901842e-2,5.5445301842e-2
95.49775,1298,2.4752993706e-2,2.4756710668e-2,5.5940005014e-2
95.66,1058,3.0097877647e-2,3.0103467175e-2,6.1305580963e-2
95.79225,242,2.1089887491e-2,2.1092157881e-2,5.49993536e-2
95.8225,866,2.4569913874e-2,2.4571789024e-2,5.7379427089e-2
95.93075,386,2.3772455755e-2,2.3782445578e-2,5.6148142974e-2
95.979,290,3.0326645287e-2,3.0327742756e-2,6.254402557e-2
96.01525,50,2.2270156637e-2,2.2276865586e-2,5.6335624161e-2
96.0215,674,2.2825382635e-2,2.2828542047e-2,5.6709231941e-2
96.10575,50,2.1395237519e-2,2.1396856485e-2,5.1416856485e-2
96.112,1106,6.29530019e-2,6.2958319211e-2,0.12345212034
96.25025,1394,1.7787998606e-2,1.7791329488e-2,4.8560618011e-2
96.4245,1058,3.0505154322e-2,3.0514694673e-2,6.4961465706e-2
96.55675,530,2.7335070301e-2,2.7341127645e-2,6.0393773489e-2
96.623,194,2.6169674563e-2,2.6180437857e-2,6.0972513801e-2
96.64725,50,2.4865777332e-2,2.4876316332e-2,5.8619457836e-2
96.6535,626,2.9324185635e-2,2.9335093646e-2,6.0427880735e-2
96.73175,50,2.3953909509e-2,2.3956134696e-2,5.0340305932e-2
96.738,386,2.422683663e-2,2.4228425924e-2,5.6234475413e-2
96.78625,386,2.6749426269e-2,2.6760408188e-2,5.8619351085e-2
96.8345,818,2.3648738372e-2,2.3652280736e-2,5.4899695659e-2
96.93675,1250,2.8891684671e-2,2.8895262955e-2,6.1371647736e-2
97.093,914,6.2400775433e-2,6.241079723e-2,0.12303441472
97.20725,770,2.3514903674e-2,2.3523961948e-2,5.8636574085e-2
97.3035,242,2.0936546219e-2,2.0944080875e-2,5.1800505692e-2
97.33375,578,2.4555575249e-2,2.4565616473e-2,5.7600716053e-2
97.406,530,2.1607390657e-2,2.161817854e-2,5.3791386488e-2
97.47225,674,2.4641318698e-2,2.4646468982e-2,5.5314878596e-2
97.5565,1346,2.5945290946e-2,2.5947129891e-2,5.7814944437e-2
97.72475,1010,2.9470248036e-2,2.9475676004e-2,6.4485587676e-2
97.851,146,2.8045201614e-2,2.8054848511e-2,6.1988089657e-2
97.86925,770,3.0361357202e-2,3.0364855302e-2,6.4415127569e-2
97.9655,194,2.7619437407e-2,2.7622419626e-2,6.0480965364e-2
97.98975,722,2.1443999278e-2,2.1446269714e-2,5.5973816774e-2
98.08,1010,2.4565561329e-2,2.4568230824e-2,5.8485290402e-2
98.20625,194,2.2973016928e-2,2.2975668107e-2,5.3466077362e-2
98.2305,962,3.1454828303e-2,3.1460469786e-2,6.463140951e-2
98.35075,434,2.9291295369e-2,2.93018177e-2,6.0409958634e-2
98.405,290,2.0926724701e-2,2.0936625538e-2,5.3498839042e-2
98.44125,1106,2.4726030376e-2,2.4730906732e-2,5.7788423501e-2
98.5795,1058,2.4780435062e-2,2.47817801e-2,5.9011281958e-2
98.71175,1394,2.3038790503e-2,2.3045569565e-2,5.3812773169e-2
98.886,818,3.1527613499e-2,3.1535260365e-2,6.5150531967e-2
98.98825,194,2.9331122617e-2,2.9334998903e-2,6.0960346427e-2
99.0125,1010,5.3717215321e-2,5.3727306875e-2,0.113220644627
99.13875,962,5.4799435284e-2,5.4801446025e-2,0.109808087274
99.259,1202,3.4211441328e-2,3.421319484e-2,7.171724082e-2
99.40925,1490,3.1636152784e-2,3.1638816201e-2,6.9505065745e-2
99.5955,1442,6.7402751401e-2,6.7407965287e-2,0.142323428548
99.77575,1106,5.4116289212e-2,5.4118388756e-2,8.2882438852e-2
99.914,1106,1.7211998894e-2,1.7213663222e-2,7.704060386e-2
100.05225,242,2.1524856e-2,2.1530557934e-2,4.6724157934e-2
100.0825,338,6.0877949437e-2,6.0884653348e-2,0.13582804811
100.12475,386,1.5771999614e-2,1.5777776424e-2,5.2448527432e-2
100.173,866,1.6731999134e-2,1.6742095061e-2,5.6817487463e-2
100.28125,386,5.288216065e-2,5.2885230949e-2,0.10627019351
100.3295,1010,5.562951114e-2,5.5636478383e-2,9.942067114e-2
100.45575,770,2.7560743449e-2,2.7566218342e-2,7.9229334487e-2
100.552,98,3.1608658518e-2,3.1616043915e-2,5.7343103394e-2
100.56425,1394,3.3932378579e-2,3.3941122626e-2,7.3561251535e-2
100.7385,770,2.5362419841e-2,2.5368872924e-2,5.0984872924e-2
100.83475,722,1.6443999278e-2,1.6446359469e-2,8.9532419007e-2
100.925,1250,2.1879676801e-2,2.1882589993e-2,5.9713518728e-2
101.08125,1106,2.3988555266e-2,2.3990326454e-2,7.6445206302e-2
101.2195,386,6.2041930513e-2,6.2044164586e-2,0.111476080051
101.26775,914,2.3328633916e-2,2.3334242586e-2,8.9728412979e-2
101.382,722,5.9077759998e-2,5.9078830086e-2,9.8086104405e-2
101.47225,1010,2.3863190561e-2,2.3864830787e-2,8.0006236147e-2
101.5985,530,1.605999947e-2,1.6068810788e-2,6.9401407929e-2
101.66475,770,3.3099391443e-2,3.3109447359e-2,6.185748378e-2
101.761,674,2.2450588285e-2,2.2459254548e-2,4.7998454548e-2
101.84525,1442,2.698172371e-2,2.6986963621e-2,9.7194576366e-2
102.0255,146,3.7700885735e-2,3.7704739669e-2,6.2821539669e-2
102.04375,386,5.67768697e-2,5.6780044822e-2,0.125739043549
102.092,578,1.6155999422e-2,1.616250604e-2,4.2235338103e-2
102.16425,386,5.3744088517e-2,5.3751472763e-2,9.462231815e-2
102.2125,1298,5.6906483826e-2,5.6917074142e-2,0.131104378137
102.37475,530,2.2028525475e-2,2.2038377453e-2,9.6567816788e-2
102.441,674,4.4153098589e-2,4.416343092e-2,7.8154638467e-2
102.52525,674,6.5760313174e-2,6.5769932897e-2,0.104343342506
102.6095,722,1.6443999278e-2,1.644813005e-2,6.4590705594e-2
102.69975,1250,2.2682452646e-2,2.2687157014e-2,4.8687157014e-2
102.856,866,1.6731999134e-2,1.6737256343e-2,4.2430056343e-2
102.96425,674,2.7906141816e-2,2.791309895e-2,5.345229895e-2
103.0485,818,1.6635999182e-2,1.6641164776e-2,7.2102489759e-2
103.15075,1442,5.3284269973e-2,5.3287254905e-2,0.122033141968
103.331,290,2.2498945525e-2,2.2502955769e-2,5.061679564e-2
103.36725,1106,4.186037284e-2,4.1862367766e-2,9.9421340495e-2
103.5055,1202,4.3876960328e-2,4.3881476686e-2,6.9843076686e-2
103.65575,866,4.7246621241e-2,4.7250993432e-2,8.4651665584e-2
103.764,1298,2.7899657135e-2,2.7906009527e-2,6.4406738318e-2
103.92625,290,5.616965639e-2,5.6174391811e-2,0.102647525843
103.9625,962,1.6923999038e-2,1.6932632626e-2,5.2738149788e-2
104.08275,194,6.2940231505e-2,6.2941822265e-2,0.108390867128
104.107,194,2.6866751703e-2,2.6873849752e-2,0.101480568555
104.13125,50,2.2448668711e-2,2.2453219651e-2,8.7591283298e-2
104.1375,386,5.5626362221e-2,5.5636823625e-2,8.9922574866e-2
104.18575,1394,2.1178570174e-2,2.1185537174e-2,7.8258484424e-2
104.36,770,5.9926328195e-2,5.9928764706e-2,8.5544764706e-2
104.45625,674,1.6347999326e-2,1.6349822174e-2,5.5800612154e-2
104.5405,962,2.0828815499e-2,2.0833373434e-2,6.208840357e-2
104.66075,1154,2.2905116668e-2,2.2907940907e-2,9.2667384357e-2
104.805,1298,1.81310994e-2,1.8137454708e-2,6.4197134981e-2
104.96725,1106,5.3358289494e-2,5.3359465058e-2,0.12612532238
105.1055,1490,4.6780361231e-2,4.6789812806e-2,9.3246820197e-2
105.29175,674,1.9078789153e-2,1.9087960736e-2,4.6928081865e-2
105.376,626,4.3412126089e-2,4.3416709563e-2,0.105774335957
105.45425,770,4.4884010164e-2,4.4890935979e-2,0.114755904341
105.5505,626,1.6251999374e-2,1.6258183959e-2,6.4288830016e-2
105.62875,1106,1.7211998894e-2,1.7220601419e-2,4.3105401419e-2
105.767,98,3.0883165683e-2,3.0885471761e-2,5.8361495372e-2
105.77925,578,3.7787089392e-2,3.7789035783e-2,9.1072896521e-2
105.8515,1202,2.4771466771e-2,2.4772728983e-2,5.4993793313e-2
106.00175,146,3.0892571262e-2,3.0896294373e-2,9.6982283629e-2
106.02,290,1.983598881e-2,1.9840452447e-2,4.5072452447e-2
106.05625,434,3.7103022259e-2,3.7112856993e-2,8.1042406636e-2
106.1105,242,3.2838463916e-2,3.2839787364e-2,0.103123682738
106.14075,914,5.163372162e-2,5.1636655232e-2,9.9240649487e-2
106.255,338,6.1018947949e-2,6.1020693122e-2,8.6291093122e-2
106.29725,1154,6.6550178686e-2,6.6560669021e-2,0.135961072717
106.4415,866,6.1646986072e-2,6.165595766e-2,0.106220839893
106.54975,386,5.1150586114e-2,5.1160777016e-2,0.122077289135
106.598,290,2.3544339748e-2,2.3549588928e-2,4.8781588928e-2
106.63425,290,5.3512425447e-2,5.3514141522e-2,9.5500852568e-2
106.6705,1250,2.5132981667e-2,2.5143111514e-2,7.7576771231e-2
106.82675,914,5.4652834714e-2,5.4657898652e-2,0.110311274804
106.941,1106,1.7211998894e-2,1.7221647523e-2,7.7835879837e-2
107.07925,914,6.3774863661e-2,6.3778957464e-2,0.107568932456
107.1935,530,3.0224000219e-2,3.0228963118e-2,6.3181494948e-2
107.25975,1442,3.4313014924e-2,3.4318505856e-2,9.3520996387e-2
107.44,1106,5.2651121362e-2,5.2659000532e-2,9.3707293874e-2
107.57825,1346,3.2210045405e-2,3.2216250566e-2,7.1224981398e-2
107.7465,434,3.8783785698e-2,3.8787815779e-2,7.9209119849e-2
107.80075,1202,4.61118905e-2,4.6113669293e-2,0.103314985629
107.951,1490,6.3773777704e-2,6.377821674e-2,9.5627907782e-2
108.13725,386,2.1293118254e-2,2.1300480122e-2,6.3809154046e-2
108.1855,1394,4.2533749778e-2,4.2542478211e-2,9.6321862781e-2
108.35975,1154,2.470494411e-2,2.4707632506e-2,7.4701432553e-2
108.504,242,3.6218522249e-2,3.6227635257e-2,9.4574586653e-2
108.53425,1154,4.2012736434e-2,4.2018103526e-2,9.5405490298e-2
108.6785,674,4.7315432331e-2,4.7319708622e-2,
108.76275,770,2.1514117198e-2,2.1518757663e-2,5.740690014e-2
108.859,770,6.508779986e-2,6.5089220523e-2,9.0705220523e-2
108.95525,434,5.0989410651e-2,5.099084051e-2,0.100902291813
109.0095,578,4.3687777861e-2,4.3691015363e-2,6.9153415363e-2
109.08175,866,5.7974475686e-2,5.797891754e-2,0.130041579351
109.19,386,2.8328370893e-2,2.8331248448e-2,8.4437028933e-2
109.23825,146,4.4813752002e-2,4.482412474e-2,7.3718899723e-2
109.2565,242,1.5483999758e-2,1.5489433893e-2,5.2811607735e-2
109.28675,434,3.8099846613e-2,3.8107818209e-2,6.7423075431e-2
109.341,98,4.1115128111e-2,4.1118534257e-2,7.8221265163e-2
109.35325,1010,6.1925329975e-2,6.192971285e-2,9.5364037742e-2
109.4795,194,2.9128581266e-2,2.9132769034e-2,7.8662603061e-2
109.50375,578,1.8012591789e-2,1.8021778458e-2,5.7856909085e-2
109.576,578,2.8690120473e-2,2.8699382683e-2,6.155852259e-2
109.64825,1490,5.5823509018e-2,5.5832929035e-2,8.890350481e-2
109.8345,1298,1.7595998702e-2,1.7602859285e-2,5.0600831719e-2
109.99675,914,1.6827999086e-2,1.6830269897e-2,5.5242280773e-2
110.111,962,4.9199753996e-2,4.9202040206e-2,7.4971640206e-2
110.23125,530,5.2273971144e-2,5.2278223762e-2,0.100889956086
110.2975,194,1.5387999806e-2,1.53949436e-2,8.2583219886e-2
110.32175,962,4.4775515418e-2,4.4782208486e-2,8.356560071e-2
110.442,818,2.4283823655e-2,2.4294234329e-2,9.371097547e-2
110.54425,914,1.6827999086e-2,1.6837258312e-2,8.4763178669e-2
110.6585,1490,1.8580315653e-2,1.8586655504e-2,4.4778655504e-2
110.84475,722,1.6472010481e-2,1.6480152736e-2,9.1246660925e-2
110.935,818,3.1255162419e-2,3.1264955601e-2,0.101743039399
111.03725,1106,3.8147653534e-2,3.8152752419e-2,6.4037552419e-2
111.1755,434,4.3180863184e-2,4.3188262898e-2,9.4927451518e-2
111.22975,1154,6.4667830477e-2,6.4670457506e-2,0.101322425579
111.374,818,4.6260357001e-2,4.6265046811e-2,8.0118969082e-2
111.47625,386,4.8614814536e-2,4.8623794654e-2,9.8605182987e-2
111.5245,290,4.7722273791e-2,4.7724699227e-2,7.5874605962e-2
111.56075,1490,1.797999851e-2,1.7985534137e-2,8.4275821302e-2
111.747,1106,5.2797495468e-2,5.2807341489e-2,0.120086296961
111.88525,1106,6.365821798e-2,6.3663606051e-2,0.122122571663
112.0235,290,6.1686770344e-2,6.1695773902e-2,8.6927773902e-2
112.05975,50,2.3665542238e-2,2.3666549194e-2,9.1723437395e-2
112.066,242,6.3573157547e-2,6.3583691134e-2,9.791840288e-2
112.09625,866,3.9956874464e-2,3.9966625742e-2,7.3884995243e-2
112.2045,770,6.4221733195e-2,6.4229341741e-2,0.118854965194
112.30075,194,1.7981511288e-2,1.7989352968e-2,5.8393102138e-2
112.325,434,5.3475382548e-2,5.3483141194e-2,8.2646457096e-2
112.37925,1346,5.5125675075e-2,5.5130765827e-2,8.1207565827e-2
112.5475,1298,5.6786078718e-2,5.6790779901e-2,8.6493834347e-2
112.70975,50,4.7191598907e-2,4.7198028738e-2,9.2573075312e-2
112.716,674,1.6347999326e-2,1.635547328e-2,5.5055713191e-2
112.80025,434,6.5542350334e-2,6.5546674443e-2,9.0893874443e-2
112.8545,1394,4.9042122502e-2,4.905066008e-2,9.9380569257e-2
113.02875,1346,3.5200585522e-2,3.5206569425e-2,7.4319188359e-2
113.197,434,1.5867999566e-2,1.5870601236e-2,7.4571934603e-2
113.25125,962,5.759703144e-2,5.7607773696e-2,0.128623494238
113.3715,530,1.8012895015e-2,1.8019133047e-2,4.3443133047e-2
113.43775,386,4.2656747283e-2,4.2662484229e-2,8.5787375185e-2
113.486,1010,5.0728716664e-2,5.0730112733e-2,9.2732327777e-2
113.61225,1490,3.9613567661e-2,3.961756369e-2,0.114305310838
113.7985,530,4.5458897132e-2,4.5462793334e-2,7.0886793334e-2
113.86475,770,2.0893498735e-2,2.0902347957e-2,4.6978865375e-2
113.961,770,1.653999923e-2,1.6546397175e-2,4.2162397175e-2
114.05725,1058,1.7115998942e-2,1.712214008e-2,6.4771690033e-2
114.1895,1154,4.341804632e-2,4.3424539334e-2,8.9845610896e-2
114.33375,530,2.0659827277e-2,2.0661744492e-2,6.09933523e-2
114.4,626,3.7294405932e-2,3.7296145939e-2,0.10103002868
114.47825,1490,6.5679613869e-2,6.5687706747e-2,0.115187119609
114.6645,386,3.6034691737e-2,3.6040683656e-2,9.2737781333e-2
114.71275,770,3.7510133294e-2,3.7511617245e-2,9.3653240134e-2
114.809,1346,4.1663669892e-2,4.1670757075e-2,9.0018040971e-2
114.97725,914,4.4654475928e-2,4.4661118841e-2,7.7018042866e-2
115.0915,290,5.1819757843e-2,5.1827659657e-2,9.1891289238e-2
115.12775,98,3.0970771473e-2,3.0980717854e-2,8.6357915267e-2
115.14,626,4.6972982074e-2,4.6980817991e-2,7.9140195816e-2
115.21825,338,2.85655786e-2,2.8575717762e-2,8.1485978049e-2
115.2605,1202,3.8070365241e-2,3.8074955511e-2,7.8314976689e-2
115.41075,626,6.1620436097e-2,6.1627174831e-2,8.7127974831e-2
115.489,1394,2.673213749e-2,2.6739872773e-2,7.3917221507e-2
115.66325,1346,5.2890955381e-2,5.2895714115e-2,0.112096484146
115.8315,1298,4.2371855807e-2,4.2375085656e-2,8.1068999948e-2
115.99375,530,4.9729232792e-2,4.9737935795e-2,9.4803363118e-2
116.06,1394,3.911753564e-2,3.9121131907e-2,6.9313253753e-2
116.23425,1010,4.3978857584e-2,4.3981800552e-2,6.9789800552e-2
116.3605,866,1.6731999134e-2,1.6742423566e-2,7.7304227606e-2
116.46875,1394,3.8192298327e-2,3.8202214657e-2,7.89520602e-2
116.643,1298,5.2522901204e-2,5.2530941728e-2,7.9397989364e-2
116.80525,1394,6.5478509355e-2,6.5489488032e-2,0.104333820579
116.9795,530,3.7400256026e-2,3.7405087124e-2,8.0079196587e-2
117.04575,626,1.6251999374e-2,1.6258022022e-2,5.6399558415e-2
117.124,818,2.2509047394e-2,2.2512698693e-2,4.8167098693e-2
117.22625,146,2.2670560344e-2,2.2673583568e-2,8.7930844744e-2
117.2445,530,6.1223638359e-2,6.1226669019e-2,0.112366368438
117.31075,1154,2.8206595453e-2,2.8214337688e-2,5.4137537688e-2
117.455,1442,5.7895553514e-2,5.7904904418e-2,9.6680207975e-2
117.63525,1394,1.7787998606e-2,1.7791119028e-2,8.0400004124e-2
117.8095,578,1.6155999422e-2,1.6165813749e-2,6.4348241463e-2
117.88175,242,3.4887576608e-2,3.4894179085e-2,7.0846745292e-2
117.912,50,1.509999995e-2,1.5108882415e-2,4.0148882415e-2
117.91825,1298,6.1389814821e-2,6.1394937841e-2,0.106799849916
118.0805,290,6.0963993246e-2,6.0969870131e-2,9.9671700286e-2
118.11675,146,1.5291999854e-2,1.5295931097e-2,8.6984309927e-2
118.135,98,3.6271397631e-2,3.6274419394e-2,7.540495992e-2
118.14725,770,1.653999923e-2,1.6546675738e-2,6.8508560165e-2
118.2435,98,5.9020206939e-2,5.9028149006e-2,0.127456049751
118.25575,1154,5.4035833338e-2,5.4046764532e-2,0.126101780293
118.4,434,3.1738436592e-2,3.1740000281e-2,6.9100701768e-2
118.45425,1442,5.2704067185e-2,5.2710467891e-2,0.110154003002
118.6345,1490,1.797999851e-2,1.7988963792e-2,8.3752334721e-2
118.82075,1106,4.8552597954e-2,4.8562197933e-2,7.5138048247e-2
118.959,50,1.9806016226e-2,1.9808963536e-2,6.0052710503e-2
118.96525,962,1.6923999038e-2,1.6928931616e-2,4.3289487862e-2
119.0855,1250,5.05090324e-2,5.0518890549e-2,0.105341813628
119.24175,866,5.6261985813e-2,5.6268469668e-2,0.120322185746
119.35,1058,2.815803692e-2,2.8161377658e-2,7.6960120063e-2
119.48225,1442,2.3101825017e-2,2.3109406603e-2,8.2410080885e-2
119.6625,818,2.8216222399e-2,2.822137315e-2,5.387577315e-2
119.76475,1394,1.7787998606e-2,1.7798804556e-2,8.4568276397e-2
119.939,674,3.1602425142e-2,3.1606077937e-2,6.7906985958e-2
120.02325,1202,2.4871900597e-2,2.4877101265e-2,7.0322589786e-2
120.1735,1106,1.8926654674e-2,1.893692064e-2,6.4914399827e-2
120.31175,914,1.6827999086e-2,1.6835032388e-2,4.2888043831e-2
120.426,1154,1.7307998846e-2,1.7317035542e-2,6.4864739199e-2
120.57025,386,3.5012721674e-2,3.5019776649e-2,6.2424550233e-2
120.6185,674,1.6347999326e-2,1.6357253905e-2,7.7059457856e-2
120.70275,1202,2.5154623123e-2,2.5157755686e-2,6.7518066816e-2
120.853,1490,3.2694090526e-2,3.2702073132e-2,6.5782948404e-2
121.03925,482,3.4760635309e-2,3.4766771678e-2,9.7703670415e-2
121.0995,1250,3.6977021561e-2,3.697987711e-2,9.9477209265e-2
121.25575,1298,5.6110772994e-2,5.6118901596e-2,9.5673936298e-2
121.418,722,5.8910580145e-2,5.8912076329e-2,0.119487165632
121.50825,1250,4.0318549217e-2,4.0326127046e-2,8.1564275206e-2
121.6645,290,4.0941029141e-2,4.0943590804e-2,8.4702461561e-2
121.70075,722,2.6108192073e-2,2.6118842469e-2,7.2917474835e-2
121.791,146,5.7725302703e-2,5.7727632434e-2,0.132787711908
121.80925,722,5.000621246e-2,5.0011781358e-2,0.112747691771
121.8995,434,2.8743169081e-2,2.8745898053e-2,9.9046522536e-2
121.95375,1346,6.427622857e-2,6.4283368624e-2,9.0360168624e-2
122.122,722,5.1237532662e-2,5.1247187402e-2,0.116865410798
122.21225,530,4.1044267941e-2,4.1054095261e-2,0.105255342332
122.2785,578,6.499334079e-2,6.4999706462e-2,0.133243120457
122.35075,1010,3.4829872436e-2,3.4834582696e-2,0.102744025509
122.477,1442,4.3101490691e-2,4.3108489062e-2,0.117089284438
122.65725,1106,5.9384393586e-2,5.9386721862e-2,9.2369415722e-2
122.7955,626,1.6251999374e-2,1.6262819705e-2,5.6163180804e-2
122.87375,1058,2.4074388131e-2,2.4085187681e-2,8.7757250323e-2
123.006,1250,3.4373984278e-2,3.4384497476e-2,7.0876884703e-2
123.16225,914,2.9930438318e-2,2.9940644994e-2,5.5671844994e-2
123.2765,290,5.8115207875e-2,5.8118828913e-2,0.126324060437
123.31275,626,3.5668434064e-2,3.5671520393e-2,6.1172320393e-2
123.391,1058,2.7941743772e-2,2.7944774349e-2,8.5249973144e-2
123.52325,290,1.5984253312e-2,1.5990439864e-2,6.109376789e-2
123.5595,290,5.7609123463e-2,5.7618091977e-2,8.2850091977e-2
123.59575,1490,1.8711815432e-2,1.8722264608e-2,5.5983497205e-2
123.782,818,1.6635999182e-2,1.6638015307e-2,4.6176188535e-2
123.88425,338,1.6020755925e-2,1.6022931623e-2,4.1293331623e-2
123.9265,962,4.0925552692e-2,4.0929821447e-2,8.5945982899e-2
124.04675,1058,2.0578149634e-2,2.0580409959e-2,5.9462974414e-2
124.179,338,6.0525853624e-2,6.0532325929e-2,0.116333625692
124.22125,866,4.7913288017e-2,4.7922485444e-2,0.12229778512
124.3295,1010,5.0197929851e-2,5.0199555394e-2,0.111917845128
124.45575,722,6.2359636443e-2,6.2361383124e-2,8.8519985394e-2
124.546,770,1.653999923e-2,1.6546365259e-2,4.2162365259e-2
124.64225,194,6.4416988733e-2,6.4419303414e-2,8.9574503414e-2
124.6665,1106,5.4307553066e-2,5.4317807629e-2,8.8142730486e-2
124.80475,914,3.0155227922e-2,3.0162984624e-2,7.3846656595e-2
124.919,386,6.4811791883e-2,6.4820369536e-2,9.0129169536e-2
124.96725,1106,5.121519704e-2,5.1221085833e-2,0.104620805471
125.1055,434,5.1454099637e-2,5.1459883098e-2,0.120727775154
125.15975,578,4.2500864982e-2,4.2503360848e-2,7.1301186245e-2
125.232,194,2.0214032828e-2,2.0218168121e-2,6.9163599095e-2
125.25625,98,1.9978286374e-2,1.9985977946e-2,5.0979233228e-2
125.2685,770,6.577582745e-2,6.5783277553e-2,0.130770917043
125.36475,578,1.6428991692e-2,1.6431109676e-2,4.1893509676e-2
125.437,722,3.615419546e-2,3.6161757122e-2,0.106689857252
125.52725,818,1.6635999182e-2,1.6646230403e-2,6.784511548e-2
125.6295,1298,4.2898278442e-2,4.2900693242e-2,0.100844651202
125.79175,674,6.4402575246e-2,6.4412974916e-2,0.12003321421
125.876,578,6.6064067453e-2,6.6067452935e-2,0.113382135742
125.94825,626,2.4706053968e-2,2.4711109094e-2,8.1175126933e-2
126.0265,98,4.5522992175e-2,4.553254121e-2,7.4045602287e-2
126.03875,1106,6.3623040064e-2,6.3633142825e-2,8.9517942825e-2
126.177,770,3.7517693771e-2,3.7519071083e-2,9.9430578186e-2
126.27325,866,6.6164772277e-2,6.6172915337e-2,9.4717177794e-2
126.3815,146,3.521103581e-2,3.5219293315e-2,8.2971854963e-2
126.39975,1058,6.1735093522e-2,6.1740486667e-2,9.5407114781e-2
126.532,1394,1.7787998606e-2,1.7795381226e-2,5.1727268452e-2
126.70625,626,2.1629146255e-2,2.163247835e-2,
126.7845,50,1.509999995e-2,1.5104817488e-2,6.5306936906e-2
126.79075,1250,1.749999875e-2,1.7504648853e-2,4.3504648853e-2
126.947,530,2.315455547e-2,2.3164673418e-2,9.4887471591e-2
127.01325,1106,4.6308831392e-2,4.6313423617e-2,0.101603657301
127.1515,386,5.2257433192e-2,5.2267611575e-2,9.7967745423e-2
127.19975,1058,3.4885344955e-2,3.4892486714e-2,0.10250524339
127.332,98,5.4347221415e-2,5.4354330734e-2,0.125710488468
127.34425,1346,1.7691998654e-2,1.769311475e-2,4.376991475e-2
127.5125,770,4.1440867765e-2,4.1446528891e-2,9.415391655e-2
127.60875,1250,3.7219405712e-2,3.7225108197e-2,7.5481179168e-2
127.765,146,4.4958114452e-2,4.4960013842e-2,0.102955946619
127.78325,194,1.5546685254e-2,1.5556374739e-2,7.8747459238e-2
127.8075,962,5.4208220538e-2,5.4212212549e-2,0.116012336027
127.92775,818,5.4818827757e-2,5.4826232946e-2,8.3162797257e-2
128.03,1490,4.8845980684e-2,4.8848775367e-2,0.115648004242
128.21625,1106,2.6817066676e-2,2.6823050387e-2,6.0010152788e-2
128.3545,962,3.8566061851e-2,3.8575988561e-2,0.113056452598
128.47475,530,4.8263174597e-2,4.8268284252e-2,0.114846858854
128.541,1058,3.5610852691e-2,3.5618027252e-2,9.9355975378e-2
128.67325,1202,4.4201589575e-2,4.4203205754e-2,8.0283925413e-2
128.8235,242,1.6365349833e-2,1.6376069889e-2,7.3981662438e-2
128.85375,530,5.786785588e-2,5.7870752564e-2,8.3294752564e-2
128.92,1154,1.7307998846e-2,1.7310790365e-2,8.10954903e-2
129.06425,1154,3.0578391859e-2,3.0588350771e-2,9.1780345516e-2
129.2085,1394,4.5018857408e-2,4.502749261e-2,8.6391891843e-2
129.38275,1010,3.7499890439e-2,3.750775209e-2,8.1928107083e-2
129.509,578,1.6155999422e-2,1.6159011035e-2,5.6450766327e-2
129.58125,770,5.8520522846e-2,5.8530234943e-2,0.101755223973
129.6775,1442,1.7883998558e-2,1.7887690747e-2,4.4041290747e-2
129.85775,242,1.5483999758e-2,1.5487543564e-2,4.4185267801e-2
129.888,1490,1.797999851e-2,1.7981567124e-2,7.9074102022e-2
130.07425,194,4.3840766865e-2,4.3848962873e-2,9.9044402788e-2
130.0985,98,3.7364377316e-2,3.7369533309e-2,0.105228023432
130.11075,1058,4.5886684137e-2,4.5892065024e-2,8.6166657773e-2
130.243,386,2.1373104894e-2,2.1375493549e-2,8.5175240884e-2
130.29125,962,3.7765824791e-2,3.7768325511e-2,9.9671531497e-2
130.4115,1490,6.3047126304e-2,6.3051080009e-2,8.9243080009e-2
130.59775,1490,5.8625132213e-2,5.8628988882e-2,8.4820988882e-2
130.784,98,2.8252090934e-2,2.8256922408e-2,5.3813151977e-2
130.79625,146,5.4881833322e-2,5.4886072203e-2,0.108737192977
130.8145,98,6.1307110499e-2,6.1314401647e-2,0.104934970308
130.82675,1010,5.5821803174e-2,5.5827663733e-2,0.109397877454
130.953,866,2.3039181036e-2,2.3044114971e-2,6.2144458272e-2
131.06125,1202,3.5623959651e-2,3.5628891691e-2,7.8702303477e-2
131.2115,578,1.6155999422e-2,1.6159115026e-2,4.1621515026e-2
131.28375,290,2.3950697208e-2,2.3960879031e-2,9.1431867013e-2
131.32,914,3.9098430828e-2,3.9107350048e-2,8.1534181715e-2
131.43425,434,6.1082306129e-2,6.1093122303e-2,0.132475682847
131.4885,194,6.081489006e-2,6.082345042e-2,0.109842239811
131.51275,866,4.3890741904e-2,4.3895678757e-2,0.111657101763
131.621,770,4.264078377e-2,4.2651577097e-2,0.100216076478
131.71725,1154,2.7339243563e-2,2.7348036651e-2,5.3271236651e-2
131.8615,818,5.0680734315e-2,5.0682070637e-2,0.105372396502
131.96375,1394,4.9256568838e-2,4.9258645232e-2,7.5373845232e-2
132.138,1106,5.0132068886e-2,5.0141550357e-2,0.117691703237
132.27625,1298,1.7614672838e-2,1.7620811412e-2,9.0776429787e-2
132.4385,1106,5.5991835042e-2,5.6000217894e-2,0.100243183292
132.57675,482,2.4686978162e-2,2.4688609799e-2,5.0074209799e-2
132.637,818,1.6635999182e-2,1.6640447202e-2,4.2294847202e-2
132.73925,434,5.3962389749e-2,5.3963689663e-2,8.9690606416e-2
132.7935,1298,1.7595998702e-2,1.7598812224e-2,6.8456461511e-2
132.95575,530,4.2585144866e-2,4.2593396338e-2,0.114110185958
133.022,482,1.6871182211e-2,1.6880425048e-2,4.6679036997e-2
133.08225,530,2.8091251034e-2,2.8097024157e-2,5.4072405887e-2
133.1485,1250,1.749999875e-2,1.7503331476e-2,7.6882226848e-2
133.30475,290,4.8369792575e-2,4.8376823745e-2,9.4762003673e-2
133.341,1106,1.7211998894e-2,1.7220414695e-2,4.3105214695e-2
133.47925,1394,2.6754334632e-2,2.6760258309e-2,6.4267983706e-2
133.6535,1202,3.7616220688e-2,3.7625785214e-2,7.5749191439e-2
133.80375,530,4.6575903077e-2,4.658542288e-2,8.4102239523e-2
133.87,1298,1.7595998702e-2,1.7597497991e-2,8.1884112861e-2
134.03225,962,4.046069048e-2,4.0469325451e-2,9.5407335677e-2
134.1525,818,6.6287294128e-2,6.6295509935e-2,0.115373680377
134.25475,722,5.475159155e-2,5.4754068939e-2,0.121634327556
134.345,1298,1.9121040232e-2,1.9123861758e-2,6.074145e-2
134.50725,1202,5.9122805869e-2,5.9126322967e-2,8.5087922967e-2
134.6575,1154,2.0568337292e-2,2.057626775e-2,9.525208484e-2
134.80175,242,5.3292514889e-2,5.3300518138e-2,9.5020353405e-2
134.832,1490,3.3859836306e-2,3.3870480961e-2,0.105295037721
135.01825,50,2.0066893649e-2,2.0068817931e-2,8.2787521596e-2
135.0245,1154,1.7307998846e-2,1.7316339677e-2,6.3788810932e-2
135.16875,914,3.5998223752e-2,3.6005665733e-2,7.3699550535e-2
135.283,1442,4.000465314e-2,4.0013330808e-2,0.102588840736
135.46325,290,1.8521307088e-2,1.8522686715e-2,5.7360988223e-2
135.4995,50,3.0828956038e-2,3.0839654346e-2,7.9037629051e-2
135.50575,1394,1.7787998606e-2,1.7793479321e-2,6.4097187876e-2
135.68,914,3.7089858607e-2,3.7092847513e-2,6.3739700061e-2
135.79425,194,2.4152648616e-2,2.415877934e-2,4.931397934e-2
135.8185,290,5.2456916595e-2,5.2461179586e-2,9.0892794878e-2
135.85475,146,2.2351550232e-2,2.2358698589e-2,7.386265737e-2
135.873,914,4.8065495149e-2,4.806703623e-2,0.109669443944
135.98725,866,4.641403376e-2,4.6424592278e-2,8.7473939477e-2
136.0955,242,3.8729086651e-2,3.8735862225e-2,9.4094648376e-2
136.12575,386,4.9917067991e-2,4.9924639071e-2,0.118748730135
136.174,530,3.998890065e-2,3.9990740707e-2,0.102363775487
136.24025,1490,2.2347910232e-2,2.2348928022e-2,7.0127003447e-2
136.4265,914,4.9183676422e-2,4.9187704747e-2,8.3402741174e-2
136.54075,1250,6.5912120582e-2,6.5919580383e-2,0.122666928825
136.697,242,4.7601463406e-2,4.761070486e-2,0.115248623392
136.72725,914,6.3921129734e-2,6.3926089279e-2,0.110536677134
136.8415,1394,1.7787998606e-2,1.7797394444e-2,5.8952420255e-2
137.01575,146,3.2977187834e-2,3.2981840299e-2,7.2923462844e-2
137.034,338,5.4859601399e-2,5.4868543777e-2,0.1265795414
137.07625,914,1.7528636784e-2,1.7538216397e-2,7.9378685062e-2
137.1905,962,4.4984120499e-2,4.4985954817e-2,0.117928615293
137.31075,962,4.1357159238e-2,4.1359680153e-2,8.6285423222e-2
137.431,1058,2.4410981613e-2,2.4412650411e-2,9.1355026197e-2
137.56325,1250,4.782377796e-2,4.7828550299e-2,0.102143587787
137.7195,674,4.8068365654e-2,4.8079247886e-2,7.6881152589e-2
137.80375,1202,5.4027126556e-2,5.4031762704e-2,0.12855035735
137.954,578,5.1355310052e-2,5.1361730914e-2,0.121289534917
138.02625,1490,4.2604530598e-2,4.2610989389e-2,7.6619840528e-2
138.2125,434,3.3244038743e-2,3.3253899464e-2,8.6439601543e-2
138.26675,578,1.6219344258e-2,1.6223020347e-2,4.8800417946e-2
138.339,722,4.8629222231e-2,4.8638865934e-2,0.114291633947
138.42925,290,2.9780142294e-2,2.9784541833e-2,5.5016541833e-2
138.4655,290,2.0259390404e-2,2.0264654764e-2,6.0245883718e-2
138.50175,578,1.6155999422e-2,1.6160744157e-2,8.6389611221e-2
138.574,866,4.3898792256e-2,4.3901583537e-2,0.118434477894
138.68225,1154,3.9985811571e-2,3.9994907089e-2,8.1016172226e-2
138.8265,530,5.8296249363e-2,5.8302795602e-2,9.2413046609e-2
138.89275,242,1.9199044111e-2,1.9202015488e-2,6.7581872597e-2
138.923,962,3.3166845884e-2,3.3175654458e-2,6.1025480542e-2
139.04325,770,3.6898526309e-2,3.6903923906e-2,6.2519923906e-2
139.1395,626,5.665867352e-2,5.666080799e-2,0.106075049215
139.21775,1010,5.5552248619e-2,5.5554721744e-2,0.130033635768
139.344,482,6.4448012002e-2,6.4451040325e-2,9.8557619419e-2
139.40425,194,1.5387999806e-2,1.5398907642e-2,4.0554107642e-2
139.4285,146,5.4398193783e-2,5.4400920189e-2,7.9517720189e-2
139.44675,146,4.6843621708e-2,4.6854142435e-2,7.1970942435e-2
139.465,962,6.2057690319e-2,6.2067139686e-2,0.104936159294
139.58525,1442,3.3690090507e-2,3.3697510301e-2,6.2064138327e-2
139.7655,770,3.3562033383e-2,3.3570245795e-2,6.3130917042e-2
139.86175,770,4.7472870854e-2,4.7482104012e-2,8.3927991364e-2
139.958,434,5.7406275344e-2,5.7414748875e-2,8.5466101479e-2
140.01225,98,5.6416448813e-2,5.6421550288e-2,8.7587846702e-2
140.0245,1106,2.0378498674e-2,2.0388497436e-2,7.2809953979e-2
140.16275,1394,3.7597542692e-2,3.7600853996e-2,8.3433328229e-2
140.337,386,2.2670146668e-2,2.267727554e-2,8.6215112616e-2
140.38525,338,6.0835238983e-2,6.0842420343e-2,0.114045458645
140.4275,1010,5.0526507906e-2,5.0537306391e-2,9.3060145655e-2
140.55375,674,3.8321085847e-2,3.8328099576e-2,0.108781556357
140.638,770,5.1120658351e-2,5.1130256769e-2,8.6506196044e-2
140.73425,626,6.0262377794e-2,6.0263978456e-2,0.103975696167
140.8125,290,1.557999971e-2,1.5581393565e-2,6.1440180661e-2
140.84875,1346,6.0701704495e-2,6.0704755714e-2,0.106157738642
141.017,482,1.5963999518e-2,1.5965007968e-2,4.3328445146e-2
141.07725,1250,5.564900914e-2,5.5656786493e-2,0.119414008102
141.2335,674,6.6046482524e-2,6.605668328e-2,0.118955225482
141.31775,98,3.7550736826e-2,3.7552170279e-2,
141.33,530,5.2130215917e-2,5.2134112195e-2,9.7289663603e-2
141.39625,1058,5.3767874765e-2,5.3777916055e-2,0.121180428523
141.5285,818,1.6635999182e-2,1.663981941e-2,4.229421941e-2
141.63075,1490,3.4032024811e-2,3.4033806103e-2,0.100025023237
141.817,242,2.2684363315e-2,2.2692179029e-2,9.47049183e-2
141.84725,914,4.6200476989e-2,4.6203646321e-2,9.8805532881e-2
141.9615,1202,3.2454561827e-2,3.2457133281e-2,9.3578987968e-2
142.11175,1250,4.4943348111e-2,4.4949307191e-2,0.106268508839
142.268,962,1.6923999038e-2,1.6931041045e-2,6.8440256828e-2
142.38825,146,2.9721911825e-2,2.9725864298e-2,9.3385434147e-2
142.4065,386,4.5354922892e-2,4.5359352823e-2,8.8988445057e-2
142.45475,962,2.485878076e-2,2.4862658446e-2,7.9502012149e-2
142.575,338,5.5613149395e-2,5.5621584334e-2,0.113696756591
142.61725,578,4.3864768266e-2,4.3871553972e-2,0.11250107568
142.6895,1298,3.1608878394e-2,3.1615809821e-2,8.6151846139e-2
142.85175,1394,1.8176516581e-2,1.8183686552e-2,9.3551083698e-2
143.026,674,1.9779277839e-2,1.9785317145e-2,7.5114045023e-2
143.11025,482,3.1337536834e-2,3.1338735094e-2,8.5487349917e-2
143.1705,1058,6.6594764519e-2,6.6596248496e-2,0.117363723005
143.30275,770,4.718783213e-2,4.71908832e-2,0.106853782727
143.399,1106,6.4869097515e-2,6.4879310019e-2,0.107155459975
143.53725,1346,3.4756739535e-2,3.4762018571e-2,6.8364909405e-2
143.7055,1346,6.4289024942e-2,6.4298143715e-2,0.103889986787
143.87375,98,2.8229911487e-2,2.8238137025e-2,7.3776164757e-2
143.886,674,1.6347999326e-2,1.6349594376e-2,7.3631002081e-2
143.97025,290,3.204547363e-2,3.2050986907e-2,6.0355475261e-2
144.0065,482,6.4975289591e-2,6.498289882e-2,9.036849882e-2
144.06675,626,1.6251999374e-2,1.6260206421e-2,7.7531042701e-2
144.145,1202,4.677248319e-2,4.6781648918e-2,8.5455933377e-2
144.29525,1346,4.3900144197e-2,4.3907522554e-2,7.7216872619e-2
144.4635,1250,2.5678954625e-2,2.5686879424e-2,7.7914973897e-2
144.61975,482,5.621573139e-2,5.6226013413e-2,0.117462916901
144.68,338,3.1093590399e-2,3.1095535093e-2,6.1082209421e-2
144.72225,338,3.3008533036e-2,3.3017568845e-2,9.0919697643e-2
144.7645,1202,1.7403998798e-2,1.7412366402e-2,7.6659271305e-2
144.91475,626,2.9913545075e-2,2.992303494e-2,9.121087717e-2
144.993,338,3.6184784462e-2,3.61872505e-2,0.109148097919
145.03525,578,4.214069274e-2,4.2147121703e-2,0.108795440898
145.1075,1010,4.0571565516e-2,4.0580208974e-2,0.101556528914
145.23375,482,3.5552281849e-2,3.5553556364e-2,0.109724097798
145.294,722,2.5048212873e-2,2.5057323182e-2,9.6167585603e-2
145.38425,1250,4.7981922121e-2,4.7989231811e-2,0.123730637804
145.5405,194,2.6836383137e-2,2.6846630985e-2,8.8625178535e-2
145.56475,482,5.8184096553e-2,5.8189589963e-2,9.1408688493e-2
145.625,242,2.6665443687e-2,2.667480257e-2,6.2456961892e-2
145.65525,1442,2.2089627787e-2,2.2099737617e-2,8.1363497997e-2
145.8355,1154,2.9947960051e-2,2.9950679075e-2,6.662282332e-2
145.97975,914,3.494595404e-2,3.4955231958e-2,0.100250702484
146.094,530,1.7061843303e-2,1.7070917051e-2,4.2494917051e-2
146.16025,482,5.603004057e-2,5.6033267212e-2,8.9276583854e-2
146.2205,338,5.4953184416e-2,5.4957557921e-2,0.106958389164
146.26275,770,2.7548658607e-2,2.7553794614e-2,9.4763402129e-2
146.359,1106,3.0027665278e-2,3.0029537642e-2,9.2159314907e-2
146.49725,434,3.397315256e-2,3.3977879894e-2,7.1310274763e-2
146.5515,770,2.6811599677e-2,2.6818287558e-2,8.0062118882e-2
146.64775,1154,1.7307998846e-2,1.7317725742e-2,5.3571358767e-2
146.792,146,1.5291999854e-2,1.5296402013e-2,6.4608640263e-2
146.81025,1010,6.5663234107e-2,6.5664983759e-2,0.102692449864
146.9365,1058,4.5091379362e-2,4.5100008271e-2,0.100615395068
147.06875,674,6.2845429978e-2,6.2852036351e-2,0.112918575615
